directory,stage,path,latency_s,mean_r,mean_g,mean_b,mean_exg,std_exg,mean_ngrdi,mean_rbr,bright_fraction,boll_count_proxy,white_region_fraction
205_Post_Def_rgb,post_defoliation,/content/drive/MyDrive/TACC EXPERIMENTS/205_Post_Def_rgb/DJI_20250929124505_0127_D.JPG,3.9955618381500244,99.67980194091797,92.86598205566406,81.91226196289062,4.139865875244141,13.502730369567871,-0.05795678868889809,162732.265625,0.11330822762508809,9040.0,0.03433832766492018
205_Post_Def_rgb,post_defoliation,/content/drive/MyDrive/TACC EXPERIMENTS/205_Post_Def_rgb/DJI_20250929124507_0128_D.JPG,3.945699691772461,95.37203979492188,89.2337417602539,79.07173156738281,4.023766994476318,13.055747985839844,-0.05600598827004433,149573.390625,0.10405478253209548,8323.0,0.029116493550265035
205_Post_Def_rgb,post_defoliation,/content/drive/MyDrive/TACC EXPERIMENTS/205_Post_Def_rgb/DJI_20250929124509_0129_D.JPG,3.9746015071868896,101.64595031738281,94.9151382446289,84.09918975830078,4.085094928741455,13.637978553771973,-0.05633451044559479,179082.421875,0.11891425950608206,9761.0,0.03843883092808775
205_Post_Def_rgb,post_defoliation,/content/drive/MyDrive/TACC EXPERIMENTS/205_Post_Def_rgb/DJI_20250929124511_0130_D.JPG,3.9155147075653076,94.02645111083984,88.13395690917969,78.44930267333984,3.792302370071411,12.085378646850586,-0.05269213765859604,118114.5703125,0.09854809150657229,8694.0,0.029343613077182338
205_Post_Def_rgb,post_defoliation,/content/drive/MyDrive/TACC EXPERIMENTS/205_Post_Def_rgb/DJI_20250929124513_0131_D.JPG,3.899930477142334,105.93057250976562,99.58648681640625,89.18997192382812,4.052497386932373,13.502609252929688,-0.049149420112371445,86931.5703125,0.13220860334895976,9955.0,0.038240197092257254
205_Post_Def_rgb,post_defoliation,/content/drive/MyDrive/TACC EXPERIMENTS/205_Post_Def_rgb/DJI_20250929124515_0132_D.JPG,3.908133029937744,100.67559814453125,96.26887512207031,86.55899047851562,5.303040027618408,12.63395881652832,-0.03646128252148628,55145.51171875,0.12208627286515304,8426.0,0.027328884778012683
205_Post_Def_rgb,post_defoliation,/content/drive/MyDrive/TACC EXPERIMENTS/205_Post_Def_rgb/DJI_20250929124517_0133_D.JPG,3.9093682765960693,101.81856536865234,96.92478942871094,86.68939971923828,5.341766834259033,12.97321891784668,-0.03995533660054207,82574.6796875,0.12789146520819927,8503.0,0.030195502803566504
205_Post_Def_rgb,post_defoliation,/content/drive/MyDrive/TACC EXPERIMENTS/205_Post_Def_rgb/DJI_20250929124519_0134_D.JPG,3.9012107849121094,93.84233093261719,88.6885986328125,79.09518432617188,4.439628601074219,11.893695831298828,-0.04651825502514839,101746.09375,0.10681037817507737,7987.0,0.026356972148175385
205_Post_Def_rgb,post_defoliation,/content/drive/MyDrive/TACC EXPERIMENTS/205_Post_Def_rgb/DJI_20250929124521_0135_D.JPG,3.9059996604919434,101.62252044677734,94.88750457763672,84.44805908203125,3.7043845653533936,12.939916610717773,-0.057587653398513794,155003.03125,0.12232411641695008,10186.0,0.038279502558445935
205_Post_Def_rgb,post_defoliation,/content/drive/MyDrive/TACC EXPERIMENTS/205_Post_Def_rgb/DJI_20250929124523_0136_D.JPG,3.9093728065490723,94.17916107177734,88.6854248046875,78.97374725341797,4.217906951904297,12.270792961120605,-0.051114000380039215,110748.1640625,0.10407996484051843,8720.0,0.027395526932622483
205_Post_Def_rgb,post_defoliation,/content/drive/MyDrive/TACC EXPERIMENTS/205_Post_Def_rgb/DJI_20250929124525_0137_D.JPG,3.914684534072876,99.45169830322266,94.77555084228516,85.2651138305664,4.834439277648926,13.005705833435059,-0.04089723527431488,67886.2578125,0.12121772260011643,9082.0,0.03078412729417532
205_Post_Def_rgb,post_defoliation,/content/drive/MyDrive/TACC EXPERIMENTS/205_Post_Def_rgb/DJI_20250929124527_0138_D.JPG,3.892091751098633,87.50749969482422,86.4307861328125,81.65274047851562,3.7015128135681152,10.45262622833252,-0.016033057123422623,8738.1123046875,0.1056642480160554,7964.0,0.021962946579036063
205_Post_Def_rgb,post_defoliation,/content/drive/MyDrive/TACC EXPERIMENTS/205_Post_Def_rgb/DJI_20250929124529_0139_D.JPG,3.936070442199707,106.81153106689453,104.8734130859375,98.50588989257812,4.429680824279785,12.534025192260742,-0.019146963953971863,2034.3743896484375,0.14851275967460245,11161.0,0.03366357584949597
205_Post_Def_rgb,post_defoliation,/content/drive/MyDrive/TACC EXPERIMENTS/205_Post_Def_rgb/DJI_20250929124531_0140_D.JPG,3.903823137283325,104.23468780517578,102.01256561279297,96.05015563964844,3.740244150161743,12.315932273864746,-0.0215672068297863,2297.0126953125,0.14442661894475595,11730.0,0.036711640546006064
205_Post_Def_rgb,post_defoliation,/content/drive/MyDrive/TACC EXPERIMENTS/205_Post_Def_rgb/DJI_20250929124533_0141_D.JPG,3.9006171226501465,106.17475891113281,104.04058837890625,97.8892593383789,4.017340183258057,12.685856819152832,-0.02083040028810501,2164.583251953125,0.1485669064252229,11693.0,0.03637799889695744
205_Post_Def_rgb,post_defoliation,/content/drive/MyDrive/TACC EXPERIMENTS/205_Post_Def_rgb/DJI_20250929124535_0142_D.JPG,3.9073240756988525,107.6800537109375,105.75191497802734,99.00068664550781,4.822983741760254,12.774356842041016,-0.01878512278199196,1748.3150634765625,0.15212254304929987,11376.0,0.0357548085761559
205_Post_Def_rgb,post_defoliation,/content/drive/MyDrive/TACC EXPERIMENTS/205_Post_Def_rgb/DJI_20250929124537_0143_D.JPG,3.899099111557007,105.12866973876953,103.51549530029297,97.07926177978516,4.823082447052002,12.442939758300781,-0.017326628789305687,2173.252197265625,0.14905054079725466,10664.0,0.031460506863375926
205_Post_Def_rgb,post_defoliation,/content/drive/MyDrive/TACC EXPERIMENTS/205_Post_Def_rgb/DJI_20250929124539_0144_D.JPG,3.8989317417144775,106.96642303466797,105.31796264648438,98.73793029785156,4.931529998779297,12.47364330291748,-0.0172120351344347,1891.5234375,0.15261015105555045,10645.0,0.03251682331403009
205_Post_Def_rgb,post_defoliation,/content/drive/MyDrive/TACC EXPERIMENTS/205_Post_Def_rgb/DJI_20250929124541_0145_D.JPG,3.914153575897217,106.28377532958984,104.56369018554688,98.05615234375,4.787374019622803,11.961841583251953,-0.0173339806497097,1642.8155517578125,0.15260067178355854,11252.0,0.03468977885528694
205_Post_Def_rgb,post_defoliation,/content/drive/MyDrive/TACC EXPERIMENTS/205_Post_Def_rgb/DJI_20250929124543_0146_D.JPG,3.903355836868286,107.30746459960938,105.65577697753906,99.18334197998047,4.820836067199707,11.843927383422852,-0.01653364859521389,1218.15966796875,0.1545908880258602,11583.0,0.0363529602138677
205_Post_Def_rgb,post_defoliation,/content/drive/MyDrive/TACC EXPERIMENTS/205_Post_Def_rgb/DJI_20250929124545_0147_D.JPG,3.9108939170837402,105.81551361083984,104.10618591308594,97.9550552368164,4.44196891784668,11.823688507080078,-0.017412547022104263,1308.0675048828125,0.15365598285688023,11516.0,0.03539904862579281
205_Post_Def_rgb,post_defoliation,/content/drive/MyDrive/TACC EXPERIMENTS/205_Post_Def_rgb/DJI_20250929124547_0148_D.JPG,3.9106075763702393,107.76668548583984,106.14252471923828,99.40433502197266,5.11418342590332,11.783058166503906,-0.016003184020519257,1264.220703125,0.15688496759812484,11888.0,0.03848646666360266
205_Post_Def_rgb,post_defoliation,/content/drive/MyDrive/TACC EXPERIMENTS/205_Post_Def_rgb/DJI_20250929124549_0149_D.JPG,3.93921160697937,105.9996566772461,104.58180236816406,98.56248474121094,4.601534843444824,11.531624794006348,-0.01495300978422165,1144.71142578125,0.15477712220792353,11998.0,0.03742550632717468
205_Post_Def_rgb,post_defoliation,/content/drive/MyDrive/TACC EXPERIMENTS/205_Post_Def_rgb/DJI_20250929124551_0150_D.JPG,3.89664888381958,107.07292938232422,105.61836242675781,99.53165435791016,4.632420063018799,11.591865539550781,-0.014738271944224834,936.3408813476562,0.15587504213009773,12077.0,0.03899092670894996
205_Post_Def_rgb,post_defoliation,/content/drive/MyDrive/TACC EXPERIMENTS/205_Post_Def_rgb/DJI_20250929124553_0151_D.JPG,3.9076833724975586,106.06988525390625,104.03431701660156,98.10859680175781,3.8898861408233643,11.463164329528809,-0.018490519374608994,1176.940185546875,0.15263643449152803,12843.0,0.04415712994454147
205_Post_Def_rgb,post_defoliation,/content/drive/MyDrive/TACC EXPERIMENTS/205_Post_Def_rgb/DJI_20250929124555_0152_D.JPG,3.886300802230835,108.14887237548828,106.35176086425781,100.50330352783203,4.051225662231445,11.458909034729004,-0.01654483750462532,773.4475708007812,0.15495138761221927,12789.0,0.04295838503845329
205_Post_Def_rgb,post_defoliation,/content/drive/MyDrive/TACC EXPERIMENTS/205_Post_Def_rgb/DJI_20250929124557_0153_D.JPG,3.8909974098205566,105.25923156738281,103.73758697509766,97.80794525146484,4.407942771911621,11.282882690429688,-0.015288421884179115,1082.478759765625,0.14936924541164937,11543.0,0.03704700569905322
205_Post_Def_rgb,post_defoliation,/content/drive/MyDrive/TACC EXPERIMENTS/205_Post_Def_rgb/DJI_20250929124559_0154_D.JPG,3.9237558841705322,109.15357208251953,107.07935333251953,100.74449920654297,4.260707378387451,11.542146682739258,-0.01768849603831768,878.1710205078125,0.15358273393694274,12502.0,0.04275237843551797
205_Post_Def_rgb,post_defoliation,/content/drive/MyDrive/TACC EXPERIMENTS/205_Post_Def_rgb/DJI_20250929124601_0155_D.JPG,3.908142328262329,106.78323364257812,104.91492462158203,98.9833984375,4.063122272491455,11.270490646362305,-0.01690063625574112,772.63671875,0.14857858795232404,11926.0,0.03867677023010693
205_Post_Def_rgb,post_defoliation,/content/drive/MyDrive/TACC EXPERIMENTS/205_Post_Def_rgb/DJI_20250929124603_0156_D.JPG,3.8971898555755615,109.16546630859375,107.39434051513672,101.09595489501953,4.527102470397949,11.366495132446289,-0.015560870058834553,709.87109375,0.15039367703833073,11836.0,0.038576376122192606
205_Post_Def_rgb,post_defoliation,/content/drive/MyDrive/TACC EXPERIMENTS/205_Post_Def_rgb/DJI_20250929124605_0157_D.JPG,3.8743021488189697,107.77328491210938,105.8775634765625,99.46145629882812,4.520230293273926,11.317208290100098,-0.016628144308924675,1020.3843994140625,0.14680548533872598,11378.0,0.03572335462818274
205_Post_Def_rgb,post_defoliation,/content/drive/MyDrive/TACC EXPERIMENTS/205_Post_Def_rgb/DJI_20250929124607_0158_D.JPG,3.9132637977600098,109.61371612548828,107.17926025390625,100.48042297363281,4.2645039558410645,11.483848571777344,-0.019421791657805443,1187.667724609375,0.1478200068174158,11946.0,0.040482810920121334
205_Post_Def_rgb,post_defoliation,/content/drive/MyDrive/TACC EXPERIMENTS/205_Post_Def_rgb/DJI_20250929124609_0159_D.JPG,3.891996383666992,107.4379653930664,105.51592254638672,98.95331573486328,4.640356540679932,11.410446166992188,-0.01691441982984543,1214.444091796875,0.14225083877194594,10857.0,0.033142455265496217
205_Post_Def_rgb,post_defoliation,/content/drive/MyDrive/TACC EXPERIMENTS/205_Post_Def_rgb/DJI_20250929124611_0160_D.JPG,3.910521984100342,109.55711364746094,107.85064697265625,100.8602066040039,5.283843040466309,11.982316970825195,-0.015142776072025299,1589.8330078125,0.14407354000061282,10672.0,0.03223321115604988
205_Post_Def_rgb,post_defoliation,/content/drive/MyDrive/TACC EXPERIMENTS/205_Post_Def_rgb/DJI_20250929124613_0161_D.JPG,3.896791934967041,108.48040008544922,105.80622100830078,98.98788452148438,4.144157409667969,12.24877643585205,-0.021441636607050896,2253.203125,0.13914010555504489,11373.0,0.036792549483714805
205_Post_Def_rgb,post_defoliation,/content/drive/MyDrive/TACC EXPERIMENTS/205_Post_Def_rgb/DJI_20250929124615_0162_D.JPG,3.8951735496520996,109.96526336669922,107.81536102294922,100.59915161132812,5.065937519073486,12.741405487060547,-0.01788181997835636,2941.075927734375,0.14101733653522075,10565.0,0.03283308629776021
205_Post_Def_rgb,post_defoliation,/content/drive/MyDrive/TACC EXPERIMENTS/205_Post_Def_rgb/DJI_20250929124617_0163_D.JPG,3.8898866176605225,108.44691467285156,106.22765350341797,99.27185821533203,4.736636638641357,12.538984298706055,-0.018805675208568573,3570.54296875,0.1378942036645525,10453.0,0.0318557159052609
205_Post_Def_rgb,post_defoliation,/content/drive/MyDrive/TACC EXPERIMENTS/205_Post_Def_rgb/DJI_20250929124619_0164_D.JPG,3.907987594604492,110.95513916015625,108.25621032714844,101.09452819824219,4.462973117828369,12.894742012023926,-0.021150818094611168,4384.94775390625,0.1428244304776787,11233.0,0.0360979773723075
205_Post_Def_rgb,post_defoliation,/content/drive/MyDrive/TACC EXPERIMENTS/205_Post_Def_rgb/DJI_20250929124621_0165_D.JPG,3.8856236934661865,108.74646759033203,106.19576263427734,99.50927734375,4.13572359085083,12.567641258239746,-0.020765144377946854,3790.089599609375,0.13871554907007383,10472.0,0.0317451243986886
205_Post_Def_rgb,post_defoliation,/content/drive/MyDrive/TACC EXPERIMENTS/205_Post_Def_rgb/DJI_20250929124623_0166_D.JPG,3.9083542823791504,109.02182006835938,105.90927124023438,99.15731811523438,3.639288902282715,12.377965927124023,-0.02386130578815937,5579.77685546875,0.13961315952753012,10843.0,0.034904211477770626
205_Post_Def_rgb,post_defoliation,/content/drive/MyDrive/TACC EXPERIMENTS/205_Post_Def_rgb/DJI_20250929124625_0167_D.JPG,3.8932604789733887,102.509521484375,99.63890838623047,92.78394317626953,3.984257936477661,11.970977783203125,-0.023487061262130737,9239.1484375,0.12482219183748507,8952.0,0.02747097810766921
205_Post_Def_rgb,post_defoliation,/content/drive/MyDrive/TACC EXPERIMENTS/205_Post_Def_rgb/DJI_20250929124627_0168_D.JPG,3.945746898651123,103.36273193359375,99.22500610351562,89.81745910644531,5.2698798179626465,12.78386116027832,-0.031007815152406693,28954.134765625,0.12433669033612157,8064.0,0.026218086450960566
205_Post_Def_rgb,post_defoliation,/content/drive/MyDrive/TACC EXPERIMENTS/205_Post_Def_rgb/DJI_20250929124629_0169_D.JPG,3.9081101417541504,104.72454833984375,99.37018585205078,87.19359588623047,6.822450160980225,13.44343376159668,-0.038699712604284286,64993.828125,0.12337435272849832,7299.0,0.02348235897907283
205_Post_Def_rgb,post_defoliation,/content/drive/MyDrive/TACC EXPERIMENTS/205_Post_Def_rgb/DJI_20250929124631_0170_D.JPG,3.9120798110961914,109.55122375488281,102.64575958251953,90.29891204833984,5.441170692443848,13.93467903137207,-0.048142097890377045,96427.6796875,0.1342990221987315,9210.0,0.031678625869412017
205_Post_Def_rgb,post_defoliation,/content/drive/MyDrive/TACC EXPERIMENTS/205_Post_Def_rgb/DJI_20250929124633_0171_D.JPG,3.900158166885376,107.46669006347656,100.01144409179688,88.14892578125,4.407259464263916,13.603202819824219,-0.052825842052698135,89787.0859375,0.12580650412108957,9173.0,0.031330813187486595
205_Post_Def_rgb,post_defoliation,/content/drive/MyDrive/TACC EXPERIMENTS/205_Post_Def_rgb/DJI_20250929124635_0172_D.JPG,3.881007671356201,109.8164291381836,101.87739562988281,89.65975952148438,4.278873443603516,13.705863952636719,-0.054943542927503586,107573.28125,0.13168954139473604,9557.0,0.03320746966632963
205_Post_Def_rgb,post_defoliation,/content/drive/MyDrive/TACC EXPERIMENTS/205_Post_Def_rgb/DJI_20250929124637_0173_D.JPG,3.9188754558563232,104.38166809082031,96.89997863769531,85.5168228149414,3.9015047550201416,12.926740646362305,-0.05479753389954567,88684.4765625,0.11846801559579619,8457.0,0.028443369488617212
205_Post_Def_rgb,post_defoliation,/content/drive/MyDrive/TACC EXPERIMENTS/205_Post_Def_rgb/DJI_20250929124639_0174_D.JPG,3.9022953510284424,108.63623809814453,100.1496810913086,87.55529022216797,4.107792377471924,12.860771179199219,-0.05976634472608566,141253.109375,0.12891206682599504,9416.0,0.03354283481937678
205_Post_Def_rgb,post_defoliation,/content/drive/MyDrive/TACC EXPERIMENTS/205_Post_Def_rgb/DJI_20250929124641_0175_D.JPG,3.8793275356292725,100.71956634521484,93.57205963134766,82.32290649414062,4.101696014404297,12.055262565612793,-0.05600929632782936,116605.0390625,0.11000948884701413,8000.0,0.025110400006128013
205_Post_Def_rgb,post_defoliation,/content/drive/MyDrive/TACC EXPERIMENTS/205_Post_Def_rgb/DJI_20250929124643_0176_D.JPG,3.902581214904785,105.42660522460938,97.65304565429688,85.42520904541016,4.454464912414551,12.378987312316895,-0.05788957327604294,149835.921875,0.12353138309280877,8953.0,0.030588174464564757
205_Post_Def_rgb,post_defoliation,/content/drive/MyDrive/TACC EXPERIMENTS/205_Post_Def_rgb/DJI_20250929124645_0177_D.JPG,3.903705596923828,108.64090728759766,101.16194152832031,88.88955688476562,4.793544292449951,13.003266334533691,-0.053030140697956085,99201.4296875,0.13608615221987316,8787.0,0.029965319269540706
205_Post_Def_rgb,post_defoliation,/content/drive/MyDrive/TACC EXPERIMENTS/205_Post_Def_rgb/DJI_20250929124647_0178_D.JPG,3.9083855152130127,109.09883880615234,101.4591293334961,88.98431396484375,4.835017204284668,13.427979469299316,-0.05373918265104294,106735.4921875,0.13652267748261177,9085.0,0.031396114838986425
205_Post_Def_rgb,post_defoliation,/content/drive/MyDrive/TACC EXPERIMENTS/205_Post_Def_rgb/DJI_20250929124649_0179_D.JPG,3.894221544265747,104.8730239868164,98.3638687133789,84.9887466430664,6.86603307723999,13.824498176574707,-0.047267138957977295,98117.046875,0.12273459761926647,7470.0,0.022401434721328554
205_Post_Def_rgb,post_defoliation,/content/drive/MyDrive/TACC EXPERIMENTS/205_Post_Def_rgb/DJI_20250929124651_0180_D.JPG,3.847198486328125,110.70277404785156,103.68285369873047,90.26408386230469,6.39898681640625,14.646470069885254,-0.047463588416576385,77813.65625,0.13685569675521647,8995.0,0.029078480712075253
205_Post_Def_rgb,post_defoliation,/content/drive/MyDrive/TACC EXPERIMENTS/205_Post_Def_rgb/DJI_20250929124653_0181_D.JPG,3.873767614364624,108.39925384521484,102.14701843261719,88.76094818115234,7.133985996246338,14.733857154846191,-0.0430888868868351,53481.6953125,0.1299229976713546,8168.0,0.024504157474645342
205_Post_Def_rgb,post_defoliation,/content/drive/MyDrive/TACC EXPERIMENTS/205_Post_Def_rgb/DJI_20250929124655_0182_D.JPG,3.940384864807129,110.05213928222656,105.50630187988281,92.54788970947266,8.412369728088379,14.958015441894531,-0.031238636001944542,25704.029296875,0.1328661201243987,7497.0,0.021449150887030057
205_Post_Def_rgb,post_defoliation,/content/drive/MyDrive/TACC EXPERIMENTS/205_Post_Def_rgb/DJI_20250929124657_0183_D.JPG,3.894949436187744,108.55284118652344,105.23251342773438,94.45503234863281,7.457002639770508,14.22510814666748,-0.023931745439767838,7417.001953125,0.12651141725648804,7601.0,0.02055939194778932
205_Post_Def_rgb,post_defoliation,/content/drive/MyDrive/TACC EXPERIMENTS/205_Post_Def_rgb/DJI_20250929124659_0184_D.JPG,3.903601884841919,112.50688171386719,109.78011322021484,101.59032440185547,5.462734222412109,13.917670249938965,-0.01970081962645054,2933.97900390625,0.13693062130404143,10312.0,0.029894368354934583
205_Post_Def_rgb,post_defoliation,/content/drive/MyDrive/TACC EXPERIMENTS/205_Post_Def_rgb/DJI_20250929124701_0185_D.JPG,3.896347761154175,110.45479583740234,108.39264678955078,99.73600769042969,6.594651222229004,14.069278717041016,-0.01597408577799797,2702.874267578125,0.1313993703465392,8702.0,0.024142891886509178
205_Post_Def_rgb,post_defoliation,/content/drive/MyDrive/TACC EXPERIMENTS/205_Post_Def_rgb/DJI_20250929124703_0186_D.JPG,3.901210308074951,112.62755584716797,110.5830078125,102.07427215576172,6.464107990264893,14.184535026550293,-0.01582973077893257,1756.5614013671875,0.13237635773814996,9779.0,0.026780379630480744
205_Post_Def_rgb,post_defoliation,/content/drive/MyDrive/TACC EXPERIMENTS/205_Post_Def_rgb/DJI_20250929124705_0187_D.JPG,3.903801441192627,114.46016693115234,112.64199829101562,104.39185333251953,6.432009696960449,14.186708450317383,-0.014539347030222416,1226.3504638671875,0.1303775239758556,9627.0,0.027967826010356345
205_Post_Def_rgb,post_defoliation,/content/drive/MyDrive/TACC EXPERIMENTS/205_Post_Def_rgb/DJI_20250929124707_0188_D.JPG,3.9092655181884766,111.86493682861328,109.8746109008789,101.92959594726562,5.954565525054932,14.096952438354492,-0.016149267554283142,1181.592529296875,0.12685793731041456,9323.0,0.02502025117198272
205_Post_Def_rgb,post_defoliation,/content/drive/MyDrive/TACC EXPERIMENTS/205_Post_Def_rgb/DJI_20250929124709_0189_D.JPG,3.877544403076172,114.96549224853516,112.60604858398438,104.38157653808594,5.865222930908203,14.072490692138672,-0.01799723505973816,1572.3006591796875,0.13467254381530167,10563.0,0.03014815431871802
205_Post_Def_rgb,post_defoliation,/content/drive/MyDrive/TACC EXPERIMENTS/205_Post_Def_rgb/DJI_20250929124711_0190_D.JPG,3.8935093879699707,114.11505889892578,112.2188949584961,104.18435668945312,6.138225078582764,13.726906776428223,-0.015885576605796814,1353.8887939453125,0.13357783152556915,9240.0,0.024021480604835003
205_Post_Def_rgb,post_defoliation,/content/drive/MyDrive/TACC EXPERIMENTS/205_Post_Def_rgb/DJI_20250929124713_0191_D.JPG,3.8887863159179688,114.96322631835938,112.62177276611328,104.34384155273438,5.936354637145996,13.808408737182617,-0.018329760059714317,1588.48486328125,0.134380457762662,9982.0,0.027832626696693938
205_Post_Def_rgb,post_defoliation,/content/drive/MyDrive/TACC EXPERIMENTS/205_Post_Def_rgb/DJI_20250929124715_0192_D.JPG,3.9089643955230713,114.0241928100586,111.77976989746094,103.69048309326172,5.845022678375244,13.516468048095703,-0.01777895912528038,1139.6038818359375,0.13197186092471735,9500.0,0.025304150580629348
205_Post_Def_rgb,post_defoliation,/content/drive/MyDrive/TACC EXPERIMENTS/205_Post_Def_rgb/DJI_20250929124717_0193_D.JPG,3.9237985610961914,114.95097351074219,112.40380859375,104.31002807617188,5.546649932861328,13.25999641418457,-0.019234439358115196,1071.8114013671875,0.13335042474798542,10224.0,0.029194051230198855
205_Post_Def_rgb,post_defoliation,/content/drive/MyDrive/TACC EXPERIMENTS/205_Post_Def_rgb/DJI_20250929124719_0194_D.JPG,3.903884172439575,114.82931518554688,112.0257339477539,104.07762908935547,5.144486427307129,13.173237800598145,-0.02072981745004654,979.8869018554688,0.13309553765664736,10239.0,0.029002502910806752
205_Post_Def_rgb,post_defoliation,/content/drive/MyDrive/TACC EXPERIMENTS/205_Post_Def_rgb/DJI_20250929124721_0195_D.JPG,3.8735625743865967,114.63226318359375,112.65213012695312,104.93109893798828,5.740929126739502,12.654925346374512,-0.0160736795514822,742.5335693359375,0.13437045186444832,9553.0,0.025716498912277477
205_Post_Def_rgb,post_defoliation,/content/drive/MyDrive/TACC EXPERIMENTS/205_Post_Def_rgb/DJI_20250929124723_0196_D.JPG,3.8950119018554688,113.59492492675781,111.63619232177734,103.28450775146484,6.39304256439209,12.702990531921387,-0.01611357554793358,709.18017578125,0.13299887780739653,8210.0,0.02086938329196924
205_Post_Def_rgb,post_defoliation,/content/drive/MyDrive/TACC EXPERIMENTS/205_Post_Def_rgb/DJI_20250929124725_0197_D.JPG,3.903592586517334,114.582763671875,112.1285629272461,104.94518280029297,4.7290730476379395,12.113551139831543,-0.018696432933211327,473.29510498046875,0.13609453036431043,10194.0,0.02904654801299139
205_Post_Def_rgb,post_defoliation,/content/drive/MyDrive/TACC EXPERIMENTS/205_Post_Def_rgb/DJI_20250929124727_0198_D.JPG,3.90071439743042,112.41635131835938,110.87504577636719,103.96428680419922,5.369403839111328,11.802270889282227,-0.013851424679160118,453.593017578125,0.13470773202193828,8406.0,0.021641896084198916
205_Post_Def_rgb,post_defoliation,/content/drive/MyDrive/TACC EXPERIMENTS/205_Post_Def_rgb/DJI_20250929124729_0199_D.JPG,3.8986623287200928,113.2820053100586,111.03997039794922,104.16487884521484,4.632796287536621,11.517274856567383,-0.01754208840429783,544.6582641601562,0.1363881962956154,9540.0,0.026588352559977938
205_Post_Def_rgb,post_defoliation,/content/drive/MyDrive/TACC EXPERIMENTS/205_Post_Def_rgb/DJI_20250929124731_0200_D.JPG,3.8707215785980225,112.58650970458984,110.72429656982422,103.53370666503906,5.3279852867126465,11.25687313079834,-0.015440234914422035,433.78326416015625,0.13608552984342923,8351.0,0.02224655873701627
205_Post_Def_rgb,post_defoliation,/content/drive/MyDrive/TACC EXPERIMENTS/205_Post_Def_rgb/DJI_20250929124733_0201_D.JPG,3.895824432373047,113.48175048828125,111.41735076904297,104.16105651855469,5.191977500915527,11.61596393585205,-0.016476131975650787,445.42254638671875,0.13881551230198855,9116.0,0.024545042819499343
205_Post_Def_rgb,post_defoliation,/content/drive/MyDrive/TACC EXPERIMENTS/205_Post_Def_rgb/DJI_20250929124735_0202_D.JPG,3.8661530017852783,111.82097625732422,109.97547912597656,103.24229431152344,4.887961387634277,11.458370208740234,-0.015338437631726265,353.1098937988281,0.13723065462511874,9244.0,0.024324290682354383
205_Post_Def_rgb,post_defoliation,/content/drive/MyDrive/TACC EXPERIMENTS/205_Post_Def_rgb/DJI_20250929124737_0203_D.JPG,3.905324697494507,113.1988754272461,111.25116729736328,104.43505096435547,4.86857271194458,11.964269638061523,-0.01596083678305149,406.87371826171875,0.14060044006802097,9478.0,0.02629894751355823
205_Post_Def_rgb,post_defoliation,/content/drive/MyDrive/TACC EXPERIMENTS/205_Post_Def_rgb/DJI_20250929124739_0204_D.JPG,3.893798589706421,112.0799560546875,110.4574203491211,103.55516815185547,5.279356956481934,11.922731399536133,-0.014255257323384285,408.1172180175781,0.14018129347060085,9261.0,0.02478111499218678
205_Post_Def_rgb,post_defoliation,/content/drive/MyDrive/TACC EXPERIMENTS/205_Post_Def_rgb/DJI_20250929124741_0205_D.JPG,3.8823764324188232,113.26038360595703,111.33865356445312,104.60261535644531,4.814168930053711,12.109397888183594,-0.01565098762512207,314.1396179199219,0.1429333942304746,10274.0,0.028769159619450316
205_Post_Def_rgb,post_defoliation,/content/drive/MyDrive/TACC EXPERIMENTS/205_Post_Def_rgb/DJI_20250929124743_0206_D.JPG,3.9445457458496094,111.42280578613281,109.86210632324219,103.50144958496094,4.800108432769775,12.115364074707031,-0.014262127690017223,388.0995178222656,0.14218467536844687,9272.0,0.02388738241872721
Part_one_pre_def_rgb,pre_defoliation,/content/drive/MyDrive/TACC EXPERIMENTS/Part_one_pre_def_rgb/DJI_20250929095743_0311_D.JPG,3.7985479831695557,97.18958282470703,94.46867370605469,67.69348907470703,24.054279327392578,29.189971923828125,-0.02009851485490799,685896.75,0.07218063470907253,5325.0,0.02008020996108711
Part_one_pre_def_rgb,pre_defoliation,/content/drive/MyDrive/TACC EXPERIMENTS/Part_one_pre_def_rgb/DJI_20250929095745_0312_D.JPG,3.7948789596557617,96.01883697509766,92.3050308227539,63.24393081665039,25.347183227539062,28.84055519104004,-0.027531500905752182,920630.3125,0.061677170466035484,4389.0,0.01541487613751264
Part_one_pre_def_rgb,pre_defoliation,/content/drive/MyDrive/TACC EXPERIMENTS/Part_one_pre_def_rgb/DJI_20250929095747_0313_D.JPG,3.7954859733581543,99.50896453857422,95.05072021484375,66.5171127319336,24.075231552124023,28.363874435424805,-0.03159025311470032,861531.25,0.07371306913932041,5087.0,0.018580330606367008
Part_one_pre_def_rgb,pre_defoliation,/content/drive/MyDrive/TACC EXPERIMENTS/Part_one_pre_def_rgb/DJI_20250929095749_0314_D.JPG,3.9699339866638184,97.87538146972656,92.53490447998047,64.61814880371094,22.57615852355957,27.69054412841797,-0.03890204802155495,846768.625,0.0659094260348684,4946.0,0.01726548855593345
Part_one_pre_def_rgb,pre_defoliation,/content/drive/MyDrive/TACC EXPERIMENTS/Part_one_pre_def_rgb/DJI_20250929095751_0315_D.JPG,3.800347328186035,100.86505126953125,95.5462646484375,66.6137924194336,23.613574981689453,27.99244499206543,-0.037483084946870804,955154.9375,0.07880822571008365,4909.0,0.017275781704813555
Part_one_pre_def_rgb,pre_defoliation,/content/drive/MyDrive/TACC EXPERIMENTS/Part_one_pre_def_rgb/DJI_20250929095753_0316_D.JPG,3.80991792678833,95.86449432373047,91.14014434814453,63.519813537597656,22.895797729492188,27.060861587524414,-0.035183485597372055,851936.1875,0.061176444679351655,4451.0,0.015252340135429114
Part_one_pre_def_rgb,pre_defoliation,/content/drive/MyDrive/TACC EXPERIMENTS/Part_one_pre_def_rgb/DJI_20250929095755_0317_D.JPG,3.8097822666168213,100.4979476928711,95.75643920898438,66.72479248046875,24.289987564086914,28.234683990478516,-0.03316139429807663,982429.375,0.07805476721205994,4761.0,0.016799998850997335
Part_one_pre_def_rgb,pre_defoliation,/content/drive/MyDrive/TACC EXPERIMENTS/Part_one_pre_def_rgb/DJI_20250929095757_0318_D.JPG,3.813203811645508,95.49523162841797,90.3437728881836,63.53937530517578,21.653295516967773,26.993335723876953,-0.038765471428632736,843279.375,0.05906318940159941,4719.0,0.01623057227992769
Part_one_pre_def_rgb,pre_defoliation,/content/drive/MyDrive/TACC EXPERIMENTS/Part_one_pre_def_rgb/DJI_20250929095759_0319_D.JPG,3.8107059001922607,100.36173248291016,95.32634735107422,66.42644500732422,23.86467742919922,27.837934494018555,-0.035569507628679276,958740.375,0.07364365022826853,4731.0,0.016118161519134724
Part_one_pre_def_rgb,pre_defoliation,/content/drive/MyDrive/TACC EXPERIMENTS/Part_one_pre_def_rgb/DJI_20250929095801_0320_D.JPG,3.8167710304260254,95.213134765625,90.54962158203125,62.40861511230469,23.477603912353516,27.25153160095215,-0.03516992926597595,991099.25,0.057880195407053345,4184.0,0.013672030594110979
Part_one_pre_def_rgb,pre_defoliation,/content/drive/MyDrive/TACC EXPERIMENTS/Part_one_pre_def_rgb/DJI_20250929095803_0321_D.JPG,3.815690517425537,99.43002319335938,95.2198715209961,65.02737426757812,25.982397079467773,28.03107452392578,-0.02961658500134945,1051897.875,0.07186494622667525,3999.0,0.013538363284002819
Part_one_pre_def_rgb,pre_defoliation,/content/drive/MyDrive/TACC EXPERIMENTS/Part_one_pre_def_rgb/DJI_20250929095805_0322_D.JPG,3.819793701171875,102.8609390258789,99.19473266601562,68.12004852294922,27.408462524414062,28.417726516723633,-0.023997535929083824,936570.0,0.08605757077856421,4085.0,0.013930651944112511
Part_one_pre_def_rgb,pre_defoliation,/content/drive/MyDrive/TACC EXPERIMENTS/Part_one_pre_def_rgb/DJI_20250929095807_0323_D.JPG,3.7884445190429688,100.21270751953125,97.33833312988281,68.08148193359375,26.382410049438477,28.13079071044922,-0.018702972680330276,741910.6875,0.0796474285320342,4186.0,0.014853348959769587
Part_one_pre_def_rgb,pre_defoliation,/content/drive/MyDrive/TACC EXPERIMENTS/Part_one_pre_def_rgb/DJI_20250929095809_0324_D.JPG,3.798151731491089,103.72623443603516,101.2981185913086,72.34249114990234,26.527563095092773,28.885040283203125,-0.01574685052037239,689349.5625,0.09882174564144988,4823.0,0.018266126252412907
Part_one_pre_def_rgb,pre_defoliation,/content/drive/MyDrive/TACC EXPERIMENTS/Part_one_pre_def_rgb/DJI_20250929095811_0325_D.JPG,3.8196675777435303,100.70048522949219,98.56149291992188,70.82575225830078,25.596834182739258,28.4923152923584,-0.013828789815306664,575068.375,0.08544304585286638,4656.0,0.017805232558139535
Part_one_pre_def_rgb,pre_defoliation,/content/drive/MyDrive/TACC EXPERIMENTS/Part_one_pre_def_rgb/DJI_20250929095813_0326_D.JPG,3.7916958332061768,105.4432601928711,102.86843872070312,71.55595397949219,28.737634658813477,30.853641510009766,-0.018376419320702553,786524.3125,0.09863201657627846,4322.0,0.01529806086650121
Part_one_pre_def_rgb,pre_defoliation,/content/drive/MyDrive/TACC EXPERIMENTS/Part_one_pre_def_rgb/DJI_20250929095815_0327_D.JPG,3.783261775970459,101.748779296875,99.28215789794922,68.49280548095703,28.32275390625,30.90471076965332,-0.01856294460594654,786870.0625,0.08046920481355517,3794.0,0.012784952661090174
Part_one_pre_def_rgb,pre_defoliation,/content/drive/MyDrive/TACC EXPERIMENTS/Part_one_pre_def_rgb/DJI_20250929095817_0328_D.JPG,3.8086459636688232,102.60302734375,99.15099334716797,68.62792205810547,27.071186065673828,31.23319435119629,-0.026396628469228745,887208.875,0.08607116731010817,4204.0,0.01462728268529583
Part_one_pre_def_rgb,pre_defoliation,/content/drive/MyDrive/TACC EXPERIMENTS/Part_one_pre_def_rgb/DJI_20250929095819_0329_D.JPG,3.800571918487549,98.6963882446289,94.5035400390625,65.759521484375,24.55110740661621,29.80049705505371,-0.032803114503622055,864869.875,0.06916536446364556,4287.0,0.015045759031160953
Part_one_pre_def_rgb,pre_defoliation,/content/drive/MyDrive/TACC EXPERIMENTS/Part_one_pre_def_rgb/DJI_20250929095821_0330_D.JPG,3.802828550338745,100.41754150390625,95.59861755371094,67.59278106689453,23.186771392822266,28.729501724243164,-0.03535063937306404,816621.375,0.07546951121426601,4585.0,0.01687171576738058
Part_one_pre_def_rgb,pre_defoliation,/content/drive/MyDrive/TACC EXPERIMENTS/Part_one_pre_def_rgb/DJI_20250929095823_0331_D.JPG,3.788961410522461,94.13456726074219,89.12468719482422,62.251556396484375,21.863500595092773,27.598464965820312,-0.03959539905190468,909230.125,0.05463919401293011,4258.0,0.014622447299077733
Part_one_pre_def_rgb,pre_defoliation,/content/drive/MyDrive/TACC EXPERIMENTS/Part_one_pre_def_rgb/DJI_20250929095825_0332_D.JPG,3.8035998344421387,102.30471801757812,95.20435333251953,68.46235656738281,19.6417236328125,28.499155044555664,-0.05177246779203415,896639.0625,0.07816401821552225,5487.0,0.020991177574531974
Part_one_pre_def_rgb,pre_defoliation,/content/drive/MyDrive/TACC EXPERIMENTS/Part_one_pre_def_rgb/DJI_20250929095827_0333_D.JPG,3.799376964569092,97.7377700805664,91.91663360595703,65.69733428955078,20.398067474365234,28.364131927490234,-0.04438801482319832,779138.3125,0.06286643610013175,5143.0,0.01914348553788645
Part_one_pre_def_rgb,pre_defoliation,/content/drive/MyDrive/TACC EXPERIMENTS/Part_one_pre_def_rgb/DJI_20250929095829_0334_D.JPG,3.7896218299865723,103.00390625,97.34121704101562,68.71184539794922,22.966808319091797,30.06720733642578,-0.04159490019083023,926305.0625,0.08407726468425407,5383.0,0.020248443101387997
Part_one_pre_def_rgb,pre_defoliation,/content/drive/MyDrive/TACC EXPERIMENTS/Part_one_pre_def_rgb/DJI_20250929095831_0335_D.JPG,3.780773162841797,98.76313781738281,93.2372817993164,66.43283081054688,21.27863311767578,28.708786010742188,-0.04117953032255173,761358.375,0.06647684185127309,5332.0,0.019739099794711525
Part_one_pre_def_rgb,pre_defoliation,/content/drive/MyDrive/TACC EXPERIMENTS/Part_one_pre_def_rgb/DJI_20250929095833_0336_D.JPG,3.7931816577911377,102.31826782226562,96.02069854736328,67.42853546142578,22.294607162475586,29.311519622802734,-0.04409322142601013,868064.25,0.08062953856052946,5082.0,0.019175226736526028
Part_one_pre_def_rgb,pre_defoliation,/content/drive/MyDrive/TACC EXPERIMENTS/Part_one_pre_def_rgb/DJI_20250929095835_0337_D.JPG,3.8001813888549805,97.1748275756836,91.61634063720703,65.19676208496094,20.861019134521484,27.769716262817383,-0.041134584695100784,718532.9375,0.062093923307902074,5071.0,0.018674788200508625
Part_one_pre_def_rgb,pre_defoliation,/content/drive/MyDrive/TACC EXPERIMENTS/Part_one_pre_def_rgb/DJI_20250929095837_0338_D.JPG,3.794900417327881,102.58300018310547,97.03593444824219,68.14907836914062,23.339624404907227,29.57459831237793,-0.038179486989974976,876076.375,0.08563464204736955,4953.0,0.01895806523271134
Part_one_pre_def_rgb,pre_defoliation,/content/drive/MyDrive/TACC EXPERIMENTS/Part_one_pre_def_rgb/DJI_20250929095839_0339_D.JPG,3.8313229084014893,96.6307373046875,92.14228057861328,65.015380859375,22.638656616210938,27.702220916748047,-0.031232576817274094,717052.8125,0.06123083080552747,4736.0,0.01736789341851273
Part_one_pre_def_rgb,pre_defoliation,/content/drive/MyDrive/TACC EXPERIMENTS/Part_one_pre_def_rgb/DJI_20250929095841_0340_D.JPG,3.7892744541168213,100.74022674560547,95.85723876953125,66.5065689086914,24.467805862426758,29.36115837097168,-0.03258880227804184,944740.875,0.07781582253270827,4594.0,0.017463021264209334
Part_one_pre_def_rgb,pre_defoliation,/content/drive/MyDrive/TACC EXPERIMENTS/Part_one_pre_def_rgb/DJI_20250929095843_0341_D.JPG,3.783658027648926,95.531494140625,91.7225570678711,62.25210189819336,25.66146469116211,28.82733154296875,-0.02635871060192585,942500.75,0.05700905988601893,3918.0,0.014280475380702883
Part_one_pre_def_rgb,pre_defoliation,/content/drive/MyDrive/TACC EXPERIMENTS/Part_one_pre_def_rgb/DJI_20250929095845_0342_D.JPG,3.792109251022339,97.98271942138672,94.7292251586914,63.71507263183594,27.760366439819336,29.603452682495117,-0.02126811258494854,1063003.125,0.06592402794374483,3966.0,0.014547618500474922
Part_one_pre_def_rgb,pre_defoliation,/content/drive/MyDrive/TACC EXPERIMENTS/Part_one_pre_def_rgb/DJI_20250929095847_0343_D.JPG,3.7918412685394287,92.26148223876953,89.82796478271484,61.850948333740234,25.543724060058594,28.807260513305664,-0.015714159235358238,821326.0,0.05141590640990287,3995.0,0.014970307856114227
Part_one_pre_def_rgb,pre_defoliation,/content/drive/MyDrive/TACC EXPERIMENTS/Part_one_pre_def_rgb/DJI_20250929095849_0344_D.JPG,3.80234694480896,97.3170394897461,94.07685089111328,65.58018493652344,25.256610870361328,29.81865119934082,-0.02030249498784542,830141.5625,0.0640715005208812,4507.0,0.017879821981186997
Part_one_pre_def_rgb,pre_defoliation,/content/drive/MyDrive/TACC EXPERIMENTS/Part_one_pre_def_rgb/DJI_20250929095851_0345_D.JPG,3.7741074562072754,91.2508773803711,89.51905822753906,59.69355010986328,28.09349250793457,30.153671264648438,-0.011950897984206676,989212.6875,0.04616343222416276,3499.0,0.01244240624138248
Part_one_pre_def_rgb,pre_defoliation,/content/drive/MyDrive/TACC EXPERIMENTS/Part_one_pre_def_rgb/DJI_20250929095853_0346_D.JPG,3.7990562915802,97.09773254394531,95.52050018310547,62.19343185424805,31.74981689453125,32.08195114135742,-0.010867444798350334,1321669.375,0.06201866363329963,3483.0,0.012587611453258572
Part_one_pre_def_rgb,pre_defoliation,/content/drive/MyDrive/TACC EXPERIMENTS/Part_one_pre_def_rgb/DJI_20250929095855_0347_D.JPG,3.7860894203186035,91.57902526855469,89.1819839477539,59.711151123046875,27.073701858520508,31.11444854736328,-0.019963771104812622,1067360.25,0.04740401997732635,3730.0,0.01333575581395349
Part_one_pre_def_rgb,pre_defoliation,/content/drive/MyDrive/TACC EXPERIMENTS/Part_one_pre_def_rgb/DJI_20250929095857_0348_D.JPG,3.8033106327056885,98.08357238769531,94.90021514892578,64.48494720458984,27.23213005065918,31.766862869262695,-0.023928072303533554,1075158.625,0.06601704928455435,4177.0,0.016102793608481172
Part_one_pre_def_rgb,pre_defoliation,/content/drive/MyDrive/TACC EXPERIMENTS/Part_one_pre_def_rgb/DJI_20250929095859_0349_D.JPG,3.778843879699707,91.82562255859375,88.67654418945312,60.87869644165039,24.649011611938477,30.350364685058594,-0.02630229853093624,859088.75,0.04908414912522597,3972.0,0.014555422143579373
Part_one_pre_def_rgb,pre_defoliation,/content/drive/MyDrive/TACC EXPERIMENTS/Part_one_pre_def_rgb/DJI_20250929095901_0350_D.JPG,3.7764828205108643,96.92243194580078,92.01924133300781,64.75092315673828,22.36505126953125,29.94078254699707,-0.03692112863063812,822041.375,0.06316646942120906,4515.0,0.017972460321107945
Part_one_pre_def_rgb,pre_defoliation,/content/drive/MyDrive/TACC EXPERIMENTS/Part_one_pre_def_rgb/DJI_20250929095903_0351_D.JPG,3.767552614212036,90.40533447265625,86.6681137084961,60.88532638549805,22.045761108398438,28.56902503967285,-0.03099045716226101,719711.1875,0.0487459114655146,3912.0,0.014767604635842755
Part_one_pre_def_rgb,pre_defoliation,/content/drive/MyDrive/TACC EXPERIMENTS/Part_one_pre_def_rgb/DJI_20250929095905_0352_D.JPG,3.775808811187744,94.99229431152344,90.33354949951172,63.33979797363281,22.335052490234375,28.255390167236328,-0.03632086142897606,854013.25,0.0609112644391335,4158.0,0.015784471994975027
Part_one_pre_def_rgb,pre_defoliation,/content/drive/MyDrive/TACC EXPERIMENTS/Part_one_pre_def_rgb/DJI_20250929095907_0353_D.JPG,3.7948415279388428,91.3460464477539,86.96480560302734,61.24254608154297,21.340911865234375,27.360151290893555,-0.036703769117593765,760300.5,0.0522686578882863,3986.0,0.014845688941998345
Part_one_pre_def_rgb,pre_defoliation,/content/drive/MyDrive/TACC EXPERIMENTS/Part_one_pre_def_rgb/DJI_20250929095909_0354_D.JPG,3.7831790447235107,96.62169647216797,92.20195770263672,65.4053955078125,22.376766204833984,28.186241149902344,-0.03466927632689476,812322.125,0.06831323536170604,4501.0,0.016923851763336092
Part_one_pre_def_rgb,pre_defoliation,/content/drive/MyDrive/TACC EXPERIMENTS/Part_one_pre_def_rgb/DJI_20250929095911_0355_D.JPG,3.78485107421875,93.77539825439453,89.09412384033203,63.13854217529297,21.274311065673828,28.013839721679688,-0.03933087736368179,775201.125,0.05928643104452002,4342.0,0.01583301735760027
Part_one_pre_def_rgb,pre_defoliation,/content/drive/MyDrive/TACC EXPERIMENTS/Part_one_pre_def_rgb/DJI_20250929095913_0356_D.JPG,3.7894513607025146,97.05599212646484,92.38928985595703,66.54021453857422,21.182395935058594,28.662073135375977,-0.03787488490343094,703307.5625,0.07001960007047216,4909.0,0.018972475641143488
Part_one_pre_def_rgb,pre_defoliation,/content/drive/MyDrive/TACC EXPERIMENTS/Part_one_pre_def_rgb/DJI_20250929095915_0357_D.JPG,3.789196014404297,97.16046905517578,91.95467376708984,66.906005859375,19.842985153198242,28.313812255859375,-0.040793921798467636,627165.0625,0.06768540115513068,5221.0,0.02013809097037105
Part_one_pre_def_rgb,pre_defoliation,/content/drive/MyDrive/TACC EXPERIMENTS/Part_one_pre_def_rgb/DJI_20250929095917_0358_D.JPG,3.785210371017456,102.72657775878906,96.98734283447266,71.62261199951172,19.62556266784668,29.35696792602539,-0.041685495525598526,639161.0,0.0911439662040016,6142.0,0.025270781628213376
Part_one_pre_def_rgb,pre_defoliation,/content/drive/MyDrive/TACC EXPERIMENTS/Part_one_pre_def_rgb/DJI_20250929095919_0359_D.JPG,3.7759783267974854,99.66439056396484,94.20811462402344,70.27877044677734,18.47309112548828,28.371700286865234,-0.040014803409576416,562589.875,0.07761814619909918,6324.0,0.025831351303735026
Part_one_pre_def_rgb,pre_defoliation,/content/drive/MyDrive/TACC EXPERIMENTS/Part_one_pre_def_rgb/DJI_20250929095921_0360_D.JPG,3.80782413482666,103.53858184814453,98.42082977294922,72.31061553955078,20.99229621887207,29.912267684936523,-0.035404499620199203,678697.4375,0.09894157704445875,6270.0,0.026512757759598004
Part_one_pre_def_rgb,pre_defoliation,/content/drive/MyDrive/TACC EXPERIMENTS/Part_one_pre_def_rgb/DJI_20250929095923_0361_D.JPG,3.7991292476654053,97.68472290039062,92.5302505493164,68.69519805908203,18.68045997619629,28.05722427368164,-0.03785412013530731,550902.8125,0.07060463392775071,5982.0,0.02454882495327389
Part_one_pre_def_rgb,pre_defoliation,/content/drive/MyDrive/TACC EXPERIMENTS/Part_one_pre_def_rgb/DJI_20250929095925_0362_D.JPG,3.8065366744995117,102.58354187011719,97.17056274414062,71.43473052978516,20.32291603088379,29.53022003173828,-0.03747610002756119,644849.3125,0.09223092272574072,5816.0,0.02517843053895885
Part_one_pre_def_rgb,pre_defoliation,/content/drive/MyDrive/TACC EXPERIMENTS/Part_one_pre_def_rgb/DJI_20250929095927_0363_D.JPG,3.7813212871551514,97.26185607910156,92.05669403076172,67.88336181640625,18.968252182006836,27.873287200927734,-0.037786953151226044,550109.5625,0.06894781995894231,5330.0,0.022515473235897907
Part_one_pre_def_rgb,pre_defoliation,/content/drive/MyDrive/TACC EXPERIMENTS/Part_one_pre_def_rgb/DJI_20250929095929_0364_D.JPG,3.782500982284546,99.99007415771484,94.1034927368164,69.03878784179688,19.17810821533203,27.683387756347656,-0.041047368198633194,611945.4375,0.07703363896804241,5208.0,0.021885436774213316
Part_one_pre_def_rgb,pre_defoliation,/content/drive/MyDrive/TACC EXPERIMENTS/Part_one_pre_def_rgb/DJI_20250929095931_0365_D.JPG,3.7940430641174316,104.02275085449219,97.25747680664062,69.66543579101562,20.8269100189209,28.596113204956055,-0.04408559948205948,829646.5625,0.0921456571529246,4808.0,0.020225989674296046
Part_one_pre_def_rgb,pre_defoliation,/content/drive/MyDrive/TACC EXPERIMENTS/Part_one_pre_def_rgb/DJI_20250929095933_0366_D.JPG,3.754302501678467,98.8742446899414,93.06600952148438,67.18026733398438,20.077396392822266,27.240264892578125,-0.039322301745414734,723110.5625,0.06775343168796151,4582.0,0.01888146505499893
Part_one_pre_def_rgb,pre_defoliation,/content/drive/MyDrive/TACC EXPERIMENTS/Part_one_pre_def_rgb/DJI_20250929095935_0367_D.JPG,3.7737417221069336,102.87234497070312,96.41407012939453,69.9439468383789,20.011688232421875,28.067689895629883,-0.04298326373100281,747042.5,0.08144796358427552,4817.0,0.020539763152250513
Part_one_pre_def_rgb,pre_defoliation,/content/drive/MyDrive/TACC EXPERIMENTS/Part_one_pre_def_rgb/DJI_20250929095937_0368_D.JPG,3.797858238220215,96.22754669189453,90.65078735351562,64.63421630859375,20.439769744873047,27.983694076538086,-0.03928389400243759,788823.6875,0.058826063976468425,4233.0,0.017354009636302355
Part_one_pre_def_rgb,pre_defoliation,/content/drive/MyDrive/TACC EXPERIMENTS/Part_one_pre_def_rgb/DJI_20250929095939_0369_D.JPG,3.7734897136688232,99.4767837524414,94.3253402709961,67.7076416015625,21.466279983520508,29.154094696044922,-0.03624901548027992,778200.3125,0.07266685433710206,4627.0,0.019360311915923644
Part_one_pre_def_rgb,pre_defoliation,/content/drive/MyDrive/TACC EXPERIMENTS/Part_one_pre_def_rgb/DJI_20250929095941_0370_D.JPG,3.8295674324035645,94.35596466064453,89.08051300048828,62.67670440673828,21.128515243530273,28.735660552978516,-0.03999560326337814,826351.625,0.05531083394613476,4010.0,0.016167089882648526
Part_one_pre_def_rgb,pre_defoliation,/content/drive/MyDrive/TACC EXPERIMENTS/Part_one_pre_def_rgb/DJI_20250929095943_0371_D.JPG,3.796276569366455,98.14627838134766,93.74549865722656,65.23428344726562,24.11042594909668,29.539304733276367,-0.032865069806575775,904575.5,0.06990096554524007,4053.0,0.016224683641266047
Part_one_pre_def_rgb,pre_defoliation,/content/drive/MyDrive/TACC EXPERIMENTS/Part_one_pre_def_rgb/DJI_20250929095945_0372_D.JPG,3.772343397140503,92.38884735107422,88.29902648925781,60.219505310058594,23.989986419677734,28.980993270874023,-0.03361564129590988,999590.875,0.05165379783681098,3392.0,0.012715102874038669
Part_one_pre_def_rgb,pre_defoliation,/content/drive/MyDrive/TACC EXPERIMENTS/Part_one_pre_def_rgb/DJI_20250929095947_0373_D.JPG,3.771200180053711,93.52300262451172,89.56078338623047,61.038551330566406,24.56007957458496,29.106956481933594,-0.03311813995242119,1054813.375,0.05620533252137145,3399.0,0.013041276005760334
Part_one_pre_def_rgb,pre_defoliation,/content/drive/MyDrive/TACC EXPERIMENTS/Part_one_pre_def_rgb/DJI_20250929095949_0374_D.JPG,3.808685779571533,95.42064666748047,91.72625732421875,62.73393249511719,25.298070907592773,29.19327163696289,-0.0313909575343132,1053225.5,0.060706502589086005,3663.0,0.013860802157061005
Part_one_pre_def_rgb,pre_defoliation,/content/drive/MyDrive/TACC EXPERIMENTS/Part_one_pre_def_rgb/DJI_20250929095951_0375_D.JPG,3.797020673751831,99.09295654296875,95.56281280517578,64.05657196044922,27.97602081298828,29.8876895904541,-0.029352597892284393,1315841.875,0.07388120652939915,3504.0,0.012717305129147899
Part_one_pre_def_rgb,pre_defoliation,/content/drive/MyDrive/TACC EXPERIMENTS/Part_one_pre_def_rgb/DJI_20250929095953_0376_D.JPG,3.8252651691436768,98.24696350097656,94.36363983154297,63.8547477722168,26.625465393066406,29.70694351196289,-0.03311138600111008,1172980.125,0.07037162576217176,3680.0,0.01349934506848056
Part_one_pre_def_rgb,pre_defoliation,/content/drive/MyDrive/TACC EXPERIMENTS/Part_one_pre_def_rgb/DJI_20250929095955_0377_D.JPG,3.7980284690856934,102.68883514404297,98.51358032226562,67.14872741699219,27.189720153808594,30.068397521972656,-0.033621229231357574,1171889.125,0.08785092456414499,3859.0,0.01479810108159451
Part_one_pre_def_rgb,pre_defoliation,/content/drive/MyDrive/TACC EXPERIMENTS/Part_one_pre_def_rgb/DJI_20250929095957_0378_D.JPG,3.8186323642730713,98.62326049804688,93.7363510131836,64.34117889404297,24.50827980041504,28.82907485961914,-0.0399884358048439,1112192.625,0.07109894444955113,3809.0,0.014334765756656556
Part_one_pre_def_rgb,pre_defoliation,/content/drive/MyDrive/TACC EXPERIMENTS/Part_one_pre_def_rgb/DJI_20250929095959_0379_D.JPG,3.8241589069366455,103.12208557128906,98.28363800048828,67.66048431396484,25.78453254699707,29.317075729370117,-0.0365457683801651,1158249.0,0.08995388669301713,4088.0,0.015643910668872753
Part_one_pre_def_rgb,pre_defoliation,/content/drive/MyDrive/TACC EXPERIMENTS/Part_one_pre_def_rgb/DJI_20250929100001_0380_D.JPG,3.7950501441955566,99.68693542480469,95.62999725341797,64.76756286621094,26.805606842041016,29.103759765625,-0.03209385648369789,1246708.5,0.07568102345497442,3584.0,0.013372236648589025
Part_one_pre_def_rgb,pre_defoliation,/content/drive/MyDrive/TACC EXPERIMENTS/Part_one_pre_def_rgb/DJI_20250929100003_0381_D.JPG,3.7752225399017334,104.18006896972656,100.52501678466797,68.52954864501953,28.340736389160156,29.705007553100586,-0.02742086723446846,1179199.25,0.09360120415479364,3719.0,0.014325956736219628
Part_one_pre_def_rgb,pre_defoliation,/content/drive/MyDrive/TACC EXPERIMENTS/Part_one_pre_def_rgb/DJI_20250929100005_0382_D.JPG,3.794416904449463,101.71304321289062,97.61245727539062,66.4990005493164,27.01290512084961,29.497865676879883,-0.03301027789711952,1200582.75,0.08016285197781658,3651.0,0.013621426601709716
Part_one_pre_def_rgb,pre_defoliation,/content/drive/MyDrive/TACC EXPERIMENTS/Part_one_pre_def_rgb/DJI_20250929100007_0383_D.JPG,3.798236608505249,106.09970092773438,101.47225189208984,69.98306274414062,26.862024307250977,29.908374786376953,-0.03434356674551964,1172980.25,0.09925549414774643,4114.0,0.01617671277997365
Part_one_pre_def_rgb,pre_defoliation,/content/drive/MyDrive/TACC EXPERIMENTS/Part_one_pre_def_rgb/DJI_20250929100009_0384_D.JPG,3.800511598587036,102.25483703613281,98.47183227539062,67.60920715332031,27.07965850830078,29.430166244506836,-0.029417773708701134,1103093.0,0.0827537572387168,3781.0,0.014563656662683458
Part_one_pre_def_rgb,pre_defoliation,/content/drive/MyDrive/TACC EXPERIMENTS/Part_one_pre_def_rgb/DJI_20250929100011_0385_D.JPG,3.798495054244995,106.17498016357422,100.2324447631836,70.80115509033203,23.489055633544922,28.350021362304688,-0.0406557135283947,976444.9375,0.08893189669700034,4436.0,0.01784128251677544
Part_one_pre_def_rgb,pre_defoliation,/content/drive/MyDrive/TACC EXPERIMENTS/Part_one_pre_def_rgb/DJI_20250929100013_0386_D.JPG,3.8085098266601562,105.43582153320312,99.95947265625,70.4191665649414,24.06411361694336,27.676158905029297,-0.03517511114478111,1006492.0625,0.08697940604222201,4431.0,0.018035942718387106
Part_one_pre_def_rgb,pre_defoliation,/content/drive/MyDrive/TACC EXPERIMENTS/Part_one_pre_def_rgb/DJI_20250929100015_0387_D.JPG,3.8007090091705322,106.01990509033203,103.20342254638672,70.41907501220703,29.967885971069336,31.196548461914062,-0.020456166937947273,1092343.25,0.0964231547017189,3985.0,0.01634432354383062
Part_one_pre_def_rgb,pre_defoliation,/content/drive/MyDrive/TACC EXPERIMENTS/Part_one_pre_def_rgb/DJI_20250929100017_0388_D.JPG,3.807180643081665,104.39828491210938,101.46160888671875,69.29637145996094,29.228801727294922,31.404296875,-0.022317055612802505,959612.5625,0.08466483592241934,4200.0,0.01726568005637773
Part_one_pre_def_rgb,pre_defoliation,/content/drive/MyDrive/TACC EXPERIMENTS/Part_one_pre_def_rgb/DJI_20250929100019_0389_D.JPG,3.8131463527679443,107.96137237548828,105.38540649414062,72.40128326416016,30.40816879272461,31.969497680664062,-0.019542623311281204,896695.3125,0.10092006388454822,4464.0,0.018728839200906944
Part_one_pre_def_rgb,pre_defoliation,/content/drive/MyDrive/TACC EXPERIMENTS/Part_one_pre_def_rgb/DJI_20250929100021_0390_D.JPG,3.788539409637451,107.3812026977539,105.13175964355469,71.11367797851562,31.768510818481445,32.23906326293945,-0.01845981739461422,1012574.0625,0.09880407972546497,4089.0,0.016391863529123387
Post_def_rgb_part1,post_defoliation,/content/drive/MyDrive/TACC EXPERIMENTS/Post_def_rgb_part1/DJI_20250929124149_0029_D.JPG,3.9159998893737793,106.2225112915039,98.68914794921875,87.20641326904297,3.9493298530578613,13.51950740814209,-0.057468853890895844,123349.9296875,0.1285539609951895,9733.0,0.03548560682660784
Post_def_rgb_part1,post_defoliation,/content/drive/MyDrive/TACC EXPERIMENTS/Post_def_rgb_part1/DJI_20250929124153_0031_D.JPG,3.9184751510620117,106.71942901611328,99.29319763183594,87.22550201416016,4.64109468460083,13.77524471282959,-0.055830247700214386,137372.046875,0.12914636761957288,9436.0,0.03423788568189478
Post_def_rgb_part1,post_defoliation,/content/drive/MyDrive/TACC EXPERIMENTS/Post_def_rgb_part1/DJI_20250929124155_0032_D.JPG,3.9013986587524414,101.94173431396484,95.3453140258789,84.1903305053711,4.558668613433838,13.152209281921387,-0.051522064954042435,92676.6015625,0.11688023753715109,8591.0,0.028894783910898673
Post_def_rgb_part1,post_defoliation,/content/drive/MyDrive/TACC EXPERIMENTS/Post_def_rgb_part1/DJI_20250929124157_0033_D.JPG,4.017898321151733,107.01838684082031,99.61347198486328,88.28099060058594,3.927561044692993,13.665329933166504,-0.05578107386827469,113553.2734375,0.12947890814106688,9484.0,0.03510605294604283
Post_def_rgb_part1,post_defoliation,/content/drive/MyDrive/TACC EXPERIMENTS/Post_def_rgb_part1/DJI_20250929124159_0034_D.JPG,3.9245641231536865,100.9472427368164,93.6301040649414,82.83833312988281,3.4744296073913574,12.902167320251465,-0.05743972212076187,90284.90625,0.10989817921377577,8635.0,0.029036206989000213
Post_def_rgb_part1,post_defoliation,/content/drive/MyDrive/TACC EXPERIMENTS/Post_def_rgb_part1/DJI_20250929124201_0035_D.JPG,3.91023850440979,107.23453521728516,99.45407104492188,87.6561508178711,4.01749849319458,13.639639854431152,-0.05720139294862747,121729.0,0.12648489444495511,9232.0,0.034340529920029415
Post_def_rgb_part1,post_defoliation,/content/drive/MyDrive/TACC EXPERIMENTS/Post_def_rgb_part1/DJI_20250929124203_0036_D.JPG,3.963796377182007,101.24720764160156,94.30973052978516,83.37323760986328,3.998992681503296,12.735033988952637,-0.053621113300323486,87546.375,0.11021314956950701,8061.0,0.027327544274902717
Post_def_rgb_part1,post_defoliation,/content/drive/MyDrive/TACC EXPERIMENTS/Post_def_rgb_part1/DJI_20250929124205_0037_D.JPG,3.898733139038086,105.88380432128906,98.23624420166016,86.38353729248047,4.205092430114746,13.116207122802734,-0.05724969878792763,124600.1171875,0.12335836244140086,8824.0,0.030225281122652204
Post_def_rgb_part1,post_defoliation,/content/drive/MyDrive/TACC EXPERIMENTS/Post_def_rgb_part1/DJI_20250929124207_0038_D.JPG,3.8963229656219482,100.92721557617188,93.38080596923828,81.88807678222656,3.9462850093841553,12.495302200317383,-0.058052726089954376,101923.9375,0.10748512999050158,7853.0,0.025484065248031377
Post_def_rgb_part1,post_defoliation,/content/drive/MyDrive/TACC EXPERIMENTS/Post_def_rgb_part1/DJI_20250929124209_0039_D.JPG,3.9118435382843018,106.70020294189453,98.729736328125,86.7857437133789,3.9737486839294434,13.043696403503418,-0.0579448863863945,109598.4375,0.12492335194717652,8651.0,0.030367087201642308
Post_def_rgb_part1,post_defoliation,/content/drive/MyDrive/TACC EXPERIMENTS/Post_def_rgb_part1/DJI_20250929124211_0040_D.JPG,3.913689374923706,102.80804443359375,95.6835708618164,84.37551879882812,4.183497905731201,12.557853698730469,-0.05310359224677086,86041.375,0.1143713902166253,8034.0,0.026543062704905477
Post_def_rgb_part1,post_defoliation,/content/drive/MyDrive/TACC EXPERIMENTS/Post_def_rgb_part1/DJI_20250929124213_0041_D.JPG,3.9324913024902344,108.41839599609375,100.89739227294922,88.71839904785156,4.65824556350708,13.114481925964355,-0.05405044928193092,111928.484375,0.1328292562888746,9057.0,0.031246744492447222
Post_def_rgb_part1,post_defoliation,/content/drive/MyDrive/TACC EXPERIMENTS/Post_def_rgb_part1/DJI_20250929124215_0042_D.JPG,3.9125990867614746,103.54029083251953,96.22383880615234,84.13468170166016,4.7726922035217285,13.187376976013184,-0.05436799302697182,96036.1796875,0.11661845642981891,7944.0,0.0258626137512639
Post_def_rgb_part1,post_defoliation,/content/drive/MyDrive/TACC EXPERIMENTS/Post_def_rgb_part1/DJI_20250929124217_0043_D.JPG,3.927133560180664,110.408447265625,102.53152465820312,88.79785919189453,5.8562798500061035,14.370339393615723,-0.05590656027197838,164037.953125,0.13920277407543585,9041.0,0.031085788369029015
Post_def_rgb_part1,post_defoliation,/content/drive/MyDrive/TACC EXPERIMENTS/Post_def_rgb_part1/DJI_20250929124219_0044_D.JPG,3.89878511428833,102.89546203613281,95.88497161865234,82.74478912353516,6.129543304443359,14.014885902404785,-0.05208680406212807,119854.203125,0.11584991727180807,7624.0,0.02372020253086987
Post_def_rgb_part1,post_defoliation,/content/drive/MyDrive/TACC EXPERIMENTS/Post_def_rgb_part1/DJI_20250929124221_0045_D.JPG,3.907588481903076,109.99775695800781,101.69998931884766,87.34312438964844,6.058976173400879,14.9436616897583,-0.057747162878513336,174021.59375,0.13507033811318442,9122.0,0.031726788231148696
Post_def_rgb_part1,post_defoliation,/content/drive/MyDrive/TACC EXPERIMENTS/Post_def_rgb_part1/DJI_20250929124223_0046_D.JPG,3.8834280967712402,103.43208312988281,96.44381713867188,83.06165313720703,6.394191265106201,14.393911361694336,-0.051354728639125824,119183.8125,0.11714910416092165,7918.0,0.025161051873640348
Post_def_rgb_part1,post_defoliation,/content/drive/MyDrive/TACC EXPERIMENTS/Post_def_rgb_part1/DJI_20250929124225_0047_D.JPG,3.9114885330200195,106.68295288085938,99.55382537841797,85.19107818603516,7.2336344718933105,15.446738243103027,-0.051389049738645554,157068.140625,0.1274288001348163,8230.0,0.02646919140852407
Post_def_rgb_part1,post_defoliation,/content/drive/MyDrive/TACC EXPERIMENTS/Post_def_rgb_part1/DJI_20250929124227_0048_D.JPG,3.897202491760254,101.92837524414062,95.08831787109375,81.24646759033203,7.001962661743164,15.060153007507324,-0.05150552839040756,149202.859375,0.11339358894812636,7621.0,0.023147855578024942
Post_def_rgb_part1,post_defoliation,/content/drive/MyDrive/TACC EXPERIMENTS/Post_def_rgb_part1/DJI_20250929124229_0049_D.JPG,3.914825439453125,107.22794342041016,99.64236450195312,85.51456451416016,6.542147636413574,15.375214576721191,-0.053505025804042816,163270.78125,0.12804078767962743,8978.0,0.029908491512700308
Post_def_rgb_part1,post_defoliation,/content/drive/MyDrive/TACC EXPERIMENTS/Post_def_rgb_part1/DJI_20250929124231_0050_D.JPG,3.9193201065063477,92.24901580810547,85.99641418457031,73.73790740966797,6.005814552307129,12.905072212219238,-0.05108689144253731,159099.9375,0.07783310544780464,6123.0,0.01666527828844563
Post_def_rgb_part1,post_defoliation,/content/drive/MyDrive/TACC EXPERIMENTS/Post_def_rgb_part1/DJI_20250929124233_0051_D.JPG,3.9017255306243896,114.55281066894531,106.37274169921875,91.24827575683594,6.9441728591918945,15.43465518951416,-0.05110081657767296,141594.0,0.1472890239605356,8996.0,0.03187520107546649
Post_def_rgb_part1,post_defoliation,/content/drive/MyDrive/TACC EXPERIMENTS/Post_def_rgb_part1/DJI_20250929124235_0052_D.JPG,3.899846315383911,98.65635681152344,91.7691421508789,78.71289825439453,6.16904878616333,14.324165344238281,-0.05285617709159851,142610.703125,0.09244707885222293,6810.0,0.019248332031130314
Post_def_rgb_part1,post_defoliation,/content/drive/MyDrive/TACC EXPERIMENTS/Post_def_rgb_part1/DJI_20250929124237_0053_D.JPG,3.924807071685791,106.65657806396484,99.67018127441406,85.76089477539062,6.922719478607178,15.32664966583252,-0.049180831760168076,132956.046875,0.1215702749180378,7750.0,0.024072611223458037
Post_def_rgb_part1,post_defoliation,/content/drive/MyDrive/TACC EXPERIMENTS/Post_def_rgb_part1/DJI_20250929124239_0054_D.JPG,3.920581340789795,112.21363830566406,104.55269622802734,90.27082061767578,6.621192932128906,15.886068344116211,-0.05187295749783516,137299.265625,0.14071754258969882,8944.0,0.029783106596807305
Post_def_rgb_part1,post_defoliation,/content/drive/MyDrive/TACC EXPERIMENTS/Post_def_rgb_part1/DJI_20250929124241_0055_D.JPG,3.908735513687134,108.77655792236328,101.510986328125,87.55775451660156,6.687764644622803,15.136247634887695,-0.05016651004552841,123166.40625,0.129093992248062,8136.0,0.025323779376168153
Post_def_rgb_part1,post_defoliation,/content/drive/MyDrive/TACC EXPERIMENTS/Post_def_rgb_part1/DJI_20250929124243_0056_D.JPG,3.916002035140991,113.40583801269531,105.15998077392578,91.50531005859375,5.409058570861816,15.33376693725586,-0.05559351667761803,127397.75,0.14433895961638632,9428.0,0.0325472240095597
Post_def_rgb_part1,post_defoliation,/content/drive/MyDrive/TACC EXPERIMENTS/Post_def_rgb_part1/DJI_20250929124245_0057_D.JPG,3.923232078552246,107.35884094238281,99.82649993896484,86.84284973144531,5.451428413391113,14.373420715332031,-0.05298208072781563,114768.171875,0.12420278365045807,8156.0,0.026641254557710575
Post_def_rgb_part1,post_defoliation,/content/drive/MyDrive/TACC EXPERIMENTS/Post_def_rgb_part1/DJI_20250929124247_0058_D.JPG,3.9207849502563477,112.31279754638672,104.30020141601562,90.80030822753906,5.487294673919678,14.65872859954834,-0.054239317774772644,129696.96875,0.14114760471244292,8876.0,0.031160473542298617
Post_def_rgb_part1,post_defoliation,/content/drive/MyDrive/TACC EXPERIMENTS/Post_def_rgb_part1/DJI_20250929124249_0059_D.JPG,3.896352529525757,106.9856185913086,99.4256591796875,86.74815368652344,5.117609024047852,13.787943840026855,-0.0533364936709404,108953.2734375,0.12262180385758495,8044.0,0.02630852253577228
Post_def_rgb_part1,post_defoliation,/content/drive/MyDrive/TACC EXPERIMENTS/Post_def_rgb_part1/DJI_20250929124251_0060_D.JPG,3.894644260406494,113.89775848388672,105.75129699707031,92.85820007324219,4.746725559234619,13.989645004272461,-0.053924333304166794,108943.234375,0.14802323666390907,9372.0,0.03439826730398014
Post_def_rgb_part1,post_defoliation,/content/drive/MyDrive/TACC EXPERIMENTS/Post_def_rgb_part1/DJI_20250929124253_0061_D.JPG,3.8895790576934814,108.29747772216797,100.73155975341797,88.570068359375,4.595422267913818,13.199334144592285,-0.05255997180938721,90225.0234375,0.1288797990011337,8376.0,0.028349199145142015
Post_def_rgb_part1,post_defoliation,/content/drive/MyDrive/TACC EXPERIMENTS/Post_def_rgb_part1/DJI_20250929124255_0062_D.JPG,3.907458782196045,111.1095962524414,103.09930419921875,91.70547485351562,3.3835086822509766,12.933632850646973,-0.05459732562303543,76308.1953125,0.13844850170052395,9423.0,0.034539211630970984
Post_def_rgb_part1,post_defoliation,/content/drive/MyDrive/TACC EXPERIMENTS/Post_def_rgb_part1/DJI_20250929124257_0063_D.JPG,3.9160807132720947,105.7212142944336,98.48352813720703,87.25598907470703,3.9898903369903564,12.229446411132812,-0.05187881737947464,74775.875,0.12124505928853754,8263.0,0.02662569514661274
Post_def_rgb_part1,post_defoliation,/content/drive/MyDrive/TACC EXPERIMENTS/Post_def_rgb_part1/DJI_20250929124259_0064_D.JPG,3.9007925987243652,110.80530548095703,103.05502319335938,91.41316223144531,3.891698122024536,12.879961013793945,-0.05357581004500389,96965.953125,0.1377040915984925,9333.0,0.032740878833838895
Post_def_rgb_part1,post_defoliation,/content/drive/MyDrive/TACC EXPERIMENTS/Post_def_rgb_part1/DJI_20250929124301_0065_D.JPG,3.9035019874572754,107.45165252685547,99.5660171508789,88.40714263916016,3.2730355262756348,12.582509994506836,-0.056391313672065735,89496.5078125,0.1257881200784386,8891.0,0.030762344118638357
Post_def_rgb_part1,post_defoliation,/content/drive/MyDrive/TACC EXPERIMENTS/Post_def_rgb_part1/DJI_20250929124303_0066_D.JPG,3.9195516109466553,110.89192962646484,103.00743103027344,91.2753677368164,3.8474032878875732,13.15966510772705,-0.05456329509615898,104780.609375,0.13704805895149677,9502.0,0.034361403468456043
Post_def_rgb_part1,post_defoliation,/content/drive/MyDrive/TACC EXPERIMENTS/Post_def_rgb_part1/DJI_20250929124305_0067_D.JPG,3.9137516021728516,104.84107971191406,97.8926010131836,87.13138580322266,3.8126144409179688,12.397493362426758,-0.05145682021975517,85922.453125,0.12027084865336887,8715.0,0.02858972370315899
Post_def_rgb_part1,post_defoliation,/content/drive/MyDrive/TACC EXPERIMENTS/Post_def_rgb_part1/DJI_20250929124307_0068_D.JPG,3.8988399505615234,110.35623168945312,101.81306457519531,89.96852111816406,3.3013980388641357,13.275786399841309,-0.05988140404224396,115961.203125,0.13480649837607622,9927.0,0.0363698601280755
Post_def_rgb_part1,post_defoliation,/content/drive/MyDrive/TACC EXPERIMENTS/Post_def_rgb_part1/DJI_20250929124309_0069_D.JPG,3.9150640964508057,105.81835174560547,98.34889221191406,87.47879028320312,3.4008352756500244,12.775531768798828,-0.055061351507902145,90298.4453125,0.12352262194748292,9173.0,0.031885877225235164
Post_def_rgb_part1,post_defoliation,/content/drive/MyDrive/TACC EXPERIMENTS/Post_def_rgb_part1/DJI_20250929124311_0070_D.JPG,3.9134960174560547,111.4573745727539,103.74254608154297,92.11897277832031,3.90864896774292,13.554373741149902,-0.054585400968790054,117578.015625,0.14186003424027943,10156.0,0.03772060851181175
Post_def_rgb_part1,post_defoliation,/content/drive/MyDrive/TACC EXPERIMENTS/Post_def_rgb_part1/DJI_20250929124313_0071_D.JPG,3.896232843399048,102.28135681152344,95.35514831542969,84.57389831542969,3.8550007343292236,12.582704544067383,-0.05301281064748764,105377.9765625,0.11492142736771149,8585.0,0.027926605539724852
Post_def_rgb_part1,post_defoliation,/content/drive/MyDrive/TACC EXPERIMENTS/Post_def_rgb_part1/DJI_20250929124315_0072_D.JPG,3.8697657585144043,107.6005859375,100.15434265136719,88.94795989990234,3.7601304054260254,13.213245391845703,-0.05396922305226326,111471.1875,0.13008668267610382,9691.0,0.034176509789502714
Post_def_rgb_part1,post_defoliation,/content/drive/MyDrive/TACC EXPERIMENTS/Post_def_rgb_part1/DJI_20250929124317_0073_D.JPG,3.9018044471740723,103.78960418701172,96.87081909179688,86.16862487792969,3.7832834720611572,12.839082717895508,-0.05134153366088867,84035.84375,0.1187818848239728,8846.0,0.03036009743542605
Post_def_rgb_part1,post_defoliation,/content/drive/MyDrive/TACC EXPERIMENTS/Post_def_rgb_part1/DJI_20250929124319_0074_D.JPG,3.914482593536377,107.36412048339844,100.219970703125,88.61517333984375,4.460607528686523,13.550932884216309,-0.05221361294388771,120848.4765625,0.12897358634372033,9320.0,0.03318736211968012
Post_def_rgb_part1,post_defoliation,/content/drive/MyDrive/TACC EXPERIMENTS/Post_def_rgb_part1/DJI_20250929124321_0075_D.JPG,3.9116744995117188,100.39225006103516,93.9258804321289,83.61901092529297,3.8404629230499268,12.640071868896484,-0.05065109580755234,110203.03125,0.11035859415693844,8483.0,0.029251597113705303
Post_def_rgb_part1,post_defoliation,/content/drive/MyDrive/TACC EXPERIMENTS/Post_def_rgb_part1/DJI_20250929124323_0076_D.JPG,3.9521665573120117,105.69613647460938,99.17728424072266,87.79750061035156,4.860709190368652,13.328718185424805,-0.04828115552663803,124553.4921875,0.12495442289426112,9034.0,0.03226701098446549
Post_def_rgb_part1,post_defoliation,/content/drive/MyDrive/TACC EXPERIMENTS/Post_def_rgb_part1/DJI_20250929124325_0077_D.JPG,3.9030590057373047,92.04222869873047,86.03238677978516,76.16915893554688,3.8535101413726807,11.230486869812012,-0.05123201757669449,118109.1796875,0.08793288675429727,7836.0,0.025114804516346477
Post_def_rgb_part1,post_defoliation,/content/drive/MyDrive/TACC EXPERIMENTS/Post_def_rgb_part1/DJI_20250929124327_0078_D.JPG,3.896799087524414,102.22666931152344,96.2125473022461,86.14239501953125,4.056176662445068,12.154067993164062,-0.046516112983226776,104284.3984375,0.11938391434568128,10041.0,0.03745542827159359
Post_def_rgb_part1,post_defoliation,/content/drive/MyDrive/TACC EXPERIMENTS/Post_def_rgb_part1/DJI_20250929124329_0079_D.JPG,3.874451160430908,96.70930480957031,91.63658142089844,82.35530090332031,4.208667278289795,11.315281867980957,-0.042606983333826065,86709.7109375,0.1076937218494347,8761.0,0.02928817369856298
Post_def_rgb_part1,post_defoliation,/content/drive/MyDrive/TACC EXPERIMENTS/Post_def_rgb_part1/DJI_20250929124331_0080_D.JPG,3.9016828536987305,106.22827911376953,100.2943115234375,90.19009399414062,4.170525074005127,12.640188217163086,-0.045725300908088684,107294.1796875,0.1349710451328247,10357.0,0.03947044382142967
Post_def_rgb_part1,post_defoliation,/content/drive/MyDrive/TACC EXPERIMENTS/Post_def_rgb_part1/DJI_20250929124333_0081_D.JPG,3.896653175354004,101.83697509765625,96.713623046875,87.0313720703125,4.558900356292725,11.955018997192383,-0.041269708424806595,82924.8671875,0.12490621265741336,8941.0,0.03050693040107853
Post_def_rgb_part1,post_defoliation,/content/drive/MyDrive/TACC EXPERIMENTS/Post_def_rgb_part1/DJI_20250929124335_0082_D.JPG,3.8934333324432373,100.41136169433594,95.33881378173828,85.78764343261719,4.4784255027771,11.242191314697266,-0.04140147566795349,86049.0703125,0.12197357485369366,9623.0,0.03263038307748874
Post_def_rgb_part1,post_defoliation,/content/drive/MyDrive/TACC EXPERIMENTS/Post_def_rgb_part1/DJI_20250929124337_0083_D.JPG,3.879152536392212,93.26644897460938,89.07221221923828,80.7696762084961,4.108296871185303,10.175161361694336,-0.03844428434967995,73271.7421875,0.1064347979287312,7965.0,0.024345259981003155
Post_def_rgb_part1,post_defoliation,/content/drive/MyDrive/TACC EXPERIMENTS/Post_def_rgb_part1/DJI_20250929124339_0084_D.JPG,3.8829572200775146,99.40380096435547,94.14470672607422,84.96017456054688,3.925494432449341,11.151389122009277,-0.04500190168619156,103741.3203125,0.12180921959738947,9704.0,0.03363130802463462
Post_def_rgb_part1,post_defoliation,/content/drive/MyDrive/TACC EXPERIMENTS/Post_def_rgb_part1/DJI_20250929124341_0085_D.JPG,3.9031975269317627,93.19953155517578,88.97782135009766,80.6711196899414,4.085085391998291,10.333722114562988,-0.03896651789546013,75509.6953125,0.10744007951098447,8071.0,0.025155306860311914
Post_def_rgb_part1,post_defoliation,/content/drive/MyDrive/TACC EXPERIMENTS/Post_def_rgb_part1/DJI_20250929124343_0086_D.JPG,3.9100091457366943,99.97817993164062,95.38848876953125,86.41506958007812,4.383594036102295,11.278611183166504,-0.04021427780389786,91414.8046875,0.12633849235530226,9435.0,0.0322264128902779
Post_def_rgb_part1,post_defoliation,/content/drive/MyDrive/TACC EXPERIMENTS/Post_def_rgb_part1/DJI_20250929124345_0087_D.JPG,3.8724613189697266,91.87588500976562,87.72016143798828,79.48641967773438,4.078232765197754,10.331798553466797,-0.0402221754193306,80124.578125,0.106066015948157,7644.0,0.023624452308729355
Post_def_rgb_part1,post_defoliation,/content/drive/MyDrive/TACC EXPERIMENTS/Post_def_rgb_part1/DJI_20250929124347_0088_D.JPG,3.8961598873138428,98.61353302001953,93.94174194335938,84.906982421875,4.363070011138916,11.41596508026123,-0.04185057431459427,104472.7265625,0.12404819491681221,9555.0,0.0326618370254619
Post_def_rgb_part1,post_defoliation,/content/drive/MyDrive/TACC EXPERIMENTS/Post_def_rgb_part1/DJI_20250929124349_0089_D.JPG,3.9407882690429688,91.3829345703125,87.2737045288086,78.74821472167969,4.41631555557251,10.44771671295166,-0.03920707851648331,77205.5703125,0.10381995511229586,7406.0,0.02193096600484113
Post_def_rgb_part1,post_defoliation,/content/drive/MyDrive/TACC EXPERIMENTS/Post_def_rgb_part1/DJI_20250929124351_0090_D.JPG,3.88610577583313,97.12069702148438,92.4964370727539,83.06689453125,4.805068016052246,11.58081340789795,-0.04202713817358017,108899.1171875,0.11898305604069001,8505.0,0.027313468992248062
Post_def_rgb_part1,post_defoliation,/content/drive/MyDrive/TACC EXPERIMENTS/Post_def_rgb_part1/DJI_20250929124353_0091_D.JPG,3.9078755378723145,90.43878173828125,86.30963897705078,77.7934341430664,4.3871073722839355,10.688851356506348,-0.04050299525260925,84463.7734375,0.10131307067132396,6809.0,0.019856441691944726
Post_def_rgb_part1,post_defoliation,/content/drive/MyDrive/TACC EXPERIMENTS/Post_def_rgb_part1/DJI_20250929124355_0092_D.JPG,3.9153261184692383,98.10777282714844,93.04060363769531,83.41535186767578,4.558177947998047,11.899954795837402,-0.04468230530619621,111117.453125,0.11912165448723841,9007.0,0.02998456506419095
Post_def_rgb_part1,post_defoliation,/content/drive/MyDrive/TACC EXPERIMENTS/Post_def_rgb_part1/DJI_20250929124357_0093_D.JPG,3.9193882942199707,95.32270812988281,89.99431610107422,81.1709213256836,3.495086193084717,11.902497291564941,-0.049485448747873306,97778.4140625,0.11149184591108251,8310.0,0.027077971320893464
Post_def_rgb_part1,post_defoliation,/content/drive/MyDrive/TACC EXPERIMENTS/Post_def_rgb_part1/DJI_20250929124359_0094_D.JPG,3.884364128112793,98.65302276611328,92.66002655029297,83.3267822265625,3.3402342796325684,12.004109382629395,-0.05242325738072395,109786.4765625,0.11844316841315072,10031.0,0.034734159083249075
Post_def_rgb_part1,post_defoliation,/content/drive/MyDrive/TACC EXPERIMENTS/Post_def_rgb_part1/DJI_20250929124401_0095_D.JPG,3.9043102264404297,93.5379638671875,88.42512512207031,79.32390594482422,3.9883599281311035,11.582195281982422,-0.04803382232785225,105371.265625,0.10569206345558722,8023.0,0.024505114976866745
Post_def_rgb_part1,post_defoliation,/content/drive/MyDrive/TACC EXPERIMENTS/Post_def_rgb_part1/DJI_20250929124403_0096_D.JPG,3.8638393878936768,104.12532806396484,97.8946304321289,88.13263702392578,3.5312697887420654,13.532262802124023,-0.05260977894067764,128180.765625,0.13270540337653583,10243.0,0.03730471742194442
Post_def_rgb_part1,post_defoliation,/content/drive/MyDrive/TACC EXPERIMENTS/Post_def_rgb_part1/DJI_20250929124405_0097_D.JPG,3.8962035179138184,90.14358520507812,85.39373016357422,76.60063934326172,4.043115139007568,11.42082405090332,-0.046247296035289764,104771.734375,0.09564934928149034,7178.0,0.020965660140331525
Post_def_rgb_part1,post_defoliation,/content/drive/MyDrive/TACC EXPERIMENTS/Post_def_rgb_part1/DJI_20250929124407_0098_D.JPG,3.9044246673583984,97.32707977294922,91.81897735595703,82.49031829833984,3.8203511238098145,12.500216484069824,-0.04984026029706001,127480.2421875,0.1143367765113215,9209.0,0.03103293424640745
Post_def_rgb_part1,post_defoliation,/content/drive/MyDrive/TACC EXPERIMENTS/Post_def_rgb_part1/DJI_20250929124409_0099_D.JPG,3.9236900806427,103.91572570800781,97.63011932373047,87.03759002685547,4.307015895843506,13.49647045135498,-0.05148696526885033,149780.46875,0.1297377209915127,10296.0,0.03788510739344915
Post_def_rgb_part1,post_defoliation,/content/drive/MyDrive/TACC EXPERIMENTS/Post_def_rgb_part1/DJI_20250929124411_0100_D.JPG,3.8854761123657227,98.02920532226562,92.05846405029297,82.06935119628906,4.0183563232421875,12.622648239135742,-0.05223434418439865,141797.796875,0.1129709953427092,8945.0,0.030267842096393664
Post_def_rgb_part1,post_defoliation,/content/drive/MyDrive/TACC EXPERIMENTS/Post_def_rgb_part1/DJI_20250929124413_0101_D.JPG,3.9025330543518066,103.54051971435547,97.09611511230469,86.78251647949219,3.8693952560424805,13.097372055053711,-0.05237455293536186,145120.15625,0.12649025645739498,10576.0,0.04010718279866409
Post_def_rgb_part1,post_defoliation,/content/drive/MyDrive/TACC EXPERIMENTS/Post_def_rgb_part1/DJI_20250929124415_0102_D.JPG,3.9427084922790527,97.77125549316406,91.9384536743164,82.39910125732422,3.7067818641662598,12.054388999938965,-0.049508243799209595,109053.890625,0.11014138477801269,9136.0,0.031367533397677484
Post_def_rgb_part1,post_defoliation,/content/drive/MyDrive/TACC EXPERIMENTS/Post_def_rgb_part1/DJI_20250929124417_0103_D.JPG,3.914961814880371,105.62144470214844,98.7364730834961,88.22599029541016,3.625542640686035,12.970322608947754,-0.05455794930458069,157862.5625,0.1308099319790422,10833.0,0.041725553053283085
Post_def_rgb_part1,post_defoliation,/content/drive/MyDrive/TACC EXPERIMENTS/Post_def_rgb_part1/DJI_20250929124419_0104_D.JPG,3.8915529251098633,104.94849395751953,98.06208801269531,87.26776885986328,3.9077489376068115,13.024907112121582,-0.05358148738741875,133152.015625,0.12774266936299292,9530.0,0.03505827358519472
Post_def_rgb_part1,post_defoliation,/content/drive/MyDrive/TACC EXPERIMENTS/Post_def_rgb_part1/DJI_20250929124421_0105_D.JPG,3.899973154067993,106.37449645996094,99.9401626586914,89.27740478515625,4.228358268737793,12.48261547088623,-0.04939564689993858,133893.921875,0.13342961018169563,10415.0,0.038831167463308516
Post_def_rgb_part1,post_defoliation,/content/drive/MyDrive/TACC EXPERIMENTS/Post_def_rgb_part1/DJI_20250929124423_0106_D.JPG,3.9122602939605713,99.00792694091797,92.90431213378906,83.33351135253906,3.4674131870269775,11.547791481018066,-0.05100884661078453,117037.96875,0.11213466502742286,9178.0,0.03191522466832123
Post_def_rgb_part1,post_defoliation,/content/drive/MyDrive/TACC EXPERIMENTS/Post_def_rgb_part1/DJI_20250929124425_0107_D.JPG,3.9132168292999268,108.21391296386719,101.29898834228516,90.53709411621094,3.8470940589904785,12.935148239135742,-0.05222339928150177,133537.296875,0.13795419117872354,10291.0,0.038811921668658274
Post_def_rgb_part1,post_defoliation,/content/drive/MyDrive/TACC EXPERIMENTS/Post_def_rgb_part1/DJI_20250929124427_0108_D.JPG,3.8922998905181885,104.71925354003906,97.87261962890625,87.24620056152344,3.779805898666382,12.61515998840332,-0.05281071737408638,114458.671875,0.12666193660569292,9012.0,0.03271684552808163
Post_def_rgb_part1,post_defoliation,/content/drive/MyDrive/TACC EXPERIMENTS/Post_def_rgb_part1/DJI_20250929124429_0109_D.JPG,3.9037117958068848,108.21665954589844,100.99993896484375,89.45503997802734,4.328577041625977,13.340359687805176,-0.054587990045547485,169361.65625,0.13660655467720684,9431.0,0.03523349649171186
part 2_pre_def_rgb,pre_defoliation,/content/drive/MyDrive/TACC EXPERIMENTS/part 2_pre_def_rgb/DJI_20250929093936_0722_D.JPG,3.7862608432769775,114.08738708496094,115.89763641357422,85.9229507446289,31.784849166870117,30.1108455657959,-0.0011555951787158847,21095.2578125,0.0909730041823697,3958.0,0.013343272206391518
part 2_pre_def_rgb,pre_defoliation,/content/drive/MyDrive/TACC EXPERIMENTS/part 2_pre_def_rgb/DJI_20250929093940_0724_D.JPG,3.7828047275543213,115.03539276123047,115.06514739990234,87.38614654541016,27.70913314819336,29.771879196166992,-0.010100279003381729,17291.0703125,0.09165723526978582,4653.0,0.01605099273830315
part 2_pre_def_rgb,pre_defoliation,/content/drive/MyDrive/TACC EXPERIMENTS/part 2_pre_def_rgb/DJI_20250929093942_0725_D.JPG,3.785266876220703,115.3926010131836,115.60074615478516,88.2213363647461,27.58782958984375,30.320331573486328,-0.009346616454422474,19195.892578125,0.09507149669087232,4936.0,0.01730584727456568
part 2_pre_def_rgb,pre_defoliation,/content/drive/MyDrive/TACC EXPERIMENTS/part 2_pre_def_rgb/DJI_20250929093944_0726_D.JPG,3.945530414581299,114.55068969726562,114.58506774902344,87.56129455566406,27.05810546875,30.794870376586914,-0.010293049737811089,18892.484375,0.08932801536599565,5114.0,0.018091573597450745
part 2_pre_def_rgb,pre_defoliation,/content/drive/MyDrive/TACC EXPERIMENTS/part 2_pre_def_rgb/DJI_20250929093946_0727_D.JPG,3.8011269569396973,115.63231658935547,114.95745086669922,88.2248764038086,26.05756950378418,31.006729125976562,-0.01398290041834116,19647.244140625,0.09263168528050986,5366.0,0.019523996920672856
part 2_pre_def_rgb,pre_defoliation,/content/drive/MyDrive/TACC EXPERIMENTS/part 2_pre_def_rgb/DJI_20250929093948_0728_D.JPG,3.7942848205566406,114.09420013427734,113.87113952636719,87.61023712158203,26.037893295288086,31.206369400024414,-0.011661941185593605,22788.662109375,0.08797879898581365,5519.0,0.02054651354291142
part 2_pre_def_rgb,pre_defoliation,/content/drive/MyDrive/TACC EXPERIMENTS/part 2_pre_def_rgb/DJI_20250929093950_0729_D.JPG,3.8022403717041016,115.47929382324219,116.70317840576172,88.42919921875,29.497943878173828,32.23991775512695,-0.00396269466727972,23696.080078125,0.09580590089469007,5376.0,0.020237048824953273
part 2_pre_def_rgb,pre_defoliation,/content/drive/MyDrive/TACC EXPERIMENTS/part 2_pre_def_rgb/DJI_20250929093952_0730_D.JPG,3.8276114463806152,114.38232421875,116.15240478515625,85.39969635009766,32.522769927978516,32.81830978393555,-0.0010299142450094223,39334.890625,0.09017387282838496,4776.0,0.017791923277262003
part 2_pre_def_rgb,pre_defoliation,/content/drive/MyDrive/TACC EXPERIMENTS/part 2_pre_def_rgb/DJI_20250929093954_0731_D.JPG,3.81502103805542,114.076416015625,115.92249298095703,84.5905532836914,33.177772521972656,33.109500885009766,-0.0006309353630058467,52990.0703125,0.08932969099488311,4713.0,0.0177318878879799
part 2_pre_def_rgb,pre_defoliation,/content/drive/MyDrive/TACC EXPERIMENTS/part 2_pre_def_rgb/DJI_20250929093956_0732_D.JPG,3.8556392192840576,113.70258331298828,116.2585678100586,84.61949920654297,34.194679260253906,33.56371307373047,0.0031210763845592737,66461.515625,0.09029719911450194,4667.0,0.0177576446977357
part 2_pre_def_rgb,pre_defoliation,/content/drive/MyDrive/TACC EXPERIMENTS/part 2_pre_def_rgb/DJI_20250929093958_0733_D.JPG,3.8194591999053955,114.04108428955078,116.3783187866211,85.0353012084961,33.68004608154297,33.21140670776367,0.0025686973240226507,72405.09375,0.09131191209363605,4751.0,0.01866296304807427
part 2_pre_def_rgb,pre_defoliation,/content/drive/MyDrive/TACC EXPERIMENTS/part 2_pre_def_rgb/DJI_20250929094000_0734_D.JPG,3.805013656616211,112.7996597290039,115.03707885742188,83.30350494384766,33.97114944458008,32.796478271484375,0.002552298130467534,79047.3984375,0.08332064642889972,4374.0,0.017427976682905903
part 2_pre_def_rgb,pre_defoliation,/content/drive/MyDrive/TACC EXPERIMENTS/part 2_pre_def_rgb/DJI_20250929094002_0735_D.JPG,3.805488348007202,114.73054504394531,117.25675964355469,86.21404266357422,33.568748474121094,32.25506591796875,0.004260155837982893,61271.1484375,0.09322279927689432,4397.0,0.018557159052609
part 2_pre_def_rgb,pre_defoliation,/content/drive/MyDrive/TACC EXPERIMENTS/part 2_pre_def_rgb/DJI_20250929094004_0736_D.JPG,3.8117871284484863,114.45004272460938,116.79177856445312,86.53851318359375,32.59492874145508,31.999433517456055,0.0036842250265181065,69555.7265625,0.09370471014492754,4731.0,0.02055393418512731
part 2_pre_def_rgb,pre_defoliation,/content/drive/MyDrive/TACC EXPERIMENTS/part 2_pre_def_rgb/DJI_20250929094006_0737_D.JPG,3.782160520553589,115.3702392578125,117.6337890625,84.32907104492188,35.56831359863281,32.22913360595703,0.0034412918612360954,106211.0703125,0.09364041387076018,4096.0,0.017459526381101206
part 2_pre_def_rgb,pre_defoliation,/content/drive/MyDrive/TACC EXPERIMENTS/part 2_pre_def_rgb/DJI_20250929094008_0738_D.JPG,3.7941205501556396,114.37718200683594,116.47178649902344,83.43765258789062,35.128761291503906,31.838022232055664,0.0025643317494541407,93077.0703125,0.08759766522658333,4010.0,0.01662468019425805
part 2_pre_def_rgb,pre_defoliation,/content/drive/MyDrive/TACC EXPERIMENTS/part 2_pre_def_rgb/DJI_20250929094010_0739_D.JPG,3.7954859733581543,114.56556701660156,116.33505249023438,82.96100616455078,35.14376449584961,31.039901733398438,0.0013698238180950284,56485.94921875,0.08308299437754696,3757.0,0.01476679075895456
part 2_pre_def_rgb,pre_defoliation,/content/drive/MyDrive/TACC EXPERIMENTS/part 2_pre_def_rgb/DJI_20250929094012_0740_D.JPG,3.793424129486084,111.51200103759766,112.70718383789062,83.43510437011719,30.466995239257812,30.176673889160156,-0.0015785536961629987,30193.109375,0.07349332237950792,4471.0,0.018060167524588656
part 2_pre_def_rgb,pre_defoliation,/content/drive/MyDrive/TACC EXPERIMENTS/part 2_pre_def_rgb/DJI_20250929094014_0741_D.JPG,3.808519124984741,112.97463989257812,112.58622741699219,86.71697998046875,25.48093032836914,29.298418045043945,-0.010264340788125992,21009.9765625,0.08192178355853785,5393.0,0.023182182032662316
part 2_pre_def_rgb,pre_defoliation,/content/drive/MyDrive/TACC EXPERIMENTS/part 2_pre_def_rgb/DJI_20250929094016_0742_D.JPG,3.7911345958709717,113.38742065429688,112.95968627929688,86.51313781738281,26.018861770629883,29.25132179260254,-0.01060638576745987,18998.275390625,0.08373974515120874,5438.0,0.022665465958881026
part 2_pre_def_rgb,pre_defoliation,/content/drive/MyDrive/TACC EXPERIMENTS/part 2_pre_def_rgb/DJI_20250929094018_0743_D.JPG,3.80709171295166,114.57910919189453,111.95787811279297,86.92365264892578,22.412874221801758,28.825151443481445,-0.022288290783762932,23608.99609375,0.08756185464350277,6267.0,0.025664506541655176
part 2_pre_def_rgb,pre_defoliation,/content/drive/MyDrive/TACC EXPERIMENTS/part 2_pre_def_rgb/DJI_20250929094020_0744_D.JPG,3.7947421073913574,115.28311920166016,111.0712661743164,81.78919982910156,25.070398330688477,29.204957962036133,-0.03005312569439411,35350.046875,0.08056227402947574,5329.0,0.020755249027177743
part 2_pre_def_rgb,pre_defoliation,/content/drive/MyDrive/TACC EXPERIMENTS/part 2_pre_def_rgb/DJI_20250929094022_0745_D.JPG,3.8002090454101562,115.55502319335938,110.48895263671875,81.08597564697266,24.336868286132812,29.60727310180664,-0.03556029498577118,57117.6640625,0.08392387282838497,5633.0,0.021771446134755033
part 2_pre_def_rgb,pre_defoliation,/content/drive/MyDrive/TACC EXPERIMENTS/part 2_pre_def_rgb/DJI_20250929094024_0746_D.JPG,3.799985408782959,114.81708526611328,109.11888885498047,79.908447265625,23.512598037719727,29.453624725341797,-0.03896608203649521,54821.77734375,0.08147348101847596,5797.0,0.021998517786561266
part 2_pre_def_rgb,pre_defoliation,/content/drive/MyDrive/TACC EXPERIMENTS/part 2_pre_def_rgb/DJI_20250929094026_0747_D.JPG,3.803431749343872,114.7135238647461,108.66783142089844,79.29324340820312,23.3287410736084,29.568300247192383,-0.04096422716975212,79667.4140625,0.08616696540735974,5830.0,0.02259398841805313
part 2_pre_def_rgb,pre_defoliation,/content/drive/MyDrive/TACC EXPERIMENTS/part 2_pre_def_rgb/DJI_20250929094028_0748_D.JPG,3.7950491905212402,112.40677642822266,104.8710708618164,75.3437728881836,21.99178123474121,29.2337646484375,-0.04990609735250473,148827.609375,0.0813607351319055,5532.0,0.02129355677605172
part 2_pre_def_rgb,pre_defoliation,/content/drive/MyDrive/TACC EXPERIMENTS/part 2_pre_def_rgb/DJI_20250929094030_0749_D.JPG,3.79886794090271,107.48876190185547,97.89059448242188,68.90728759765625,19.385190963745117,28.421855926513672,-0.06501223146915436,372979.15625,0.07109726882066367,5198.0,0.01925919968134326
part 2_pre_def_rgb,pre_defoliation,/content/drive/MyDrive/TACC EXPERIMENTS/part 2_pre_def_rgb/DJI_20250929094032_0750_D.JPG,3.792705535888672,110.24515533447266,100.41229248046875,70.1960220336914,20.38313102722168,28.756071090698242,-0.06493127346038818,489456.9375,0.08532335807519073,5002.0,0.018963092119373717
part 2_pre_def_rgb,pre_defoliation,/content/drive/MyDrive/TACC EXPERIMENTS/part 2_pre_def_rgb/DJI_20250929094034_0751_D.JPG,3.79951548576355,105.8346176147461,97.95358276367188,63.70981216430664,26.362857818603516,28.967063903808594,-0.05404849722981453,930453.1875,0.06849219252688667,3424.0,0.0116378649998468
part 2_pre_def_rgb,pre_defoliation,/content/drive/MyDrive/TACC EXPERIMENTS/part 2_pre_def_rgb/DJI_20250929094036_0752_D.JPG,3.791297197341919,111.39540100097656,104.89775085449219,73.64783477783203,24.751951217651367,29.444869995117188,-0.04349596053361893,584648.4375,0.1027703890523026,4855.0,0.018441061908263626
part 2_pre_def_rgb,pre_defoliation,/content/drive/MyDrive/TACC EXPERIMENTS/part 2_pre_def_rgb/DJI_20250929094723_0001_D.JPG,3.8053882122039795,110.95207214355469,107.5262451171875,79.46383666992188,24.636747360229492,29.761863708496094,-0.025804534554481506,272784.1875,0.09228933036124644,5483.0,0.023113146122499005
part 2_pre_def_rgb,pre_defoliation,/content/drive/MyDrive/TACC EXPERIMENTS/part 2_pre_def_rgb/DJI_20250929094725_0002_D.JPG,3.78946852684021,109.90121459960938,108.06697845458984,81.13074493408203,25.102197647094727,29.752721786499023,-0.016541652381420135,163160.125,0.08038010923185342,5827.0,0.024832101985476605
part 2_pre_def_rgb,pre_defoliation,/content/drive/MyDrive/TACC EXPERIMENTS/part 2_pre_def_rgb/DJI_20250929094727_0003_D.JPG,3.7973082065582275,100.87223815917969,98.72916412353516,73.3242416381836,23.261934280395508,28.294036865234375,-0.01919066533446312,218407.015625,0.055391359882954926,4942.0,0.0200725020682048
part 2_pre_def_rgb,pre_defoliation,/content/drive/MyDrive/TACC EXPERIMENTS/part 2_pre_def_rgb/DJI_20250929094729_0004_D.JPG,3.8122398853302,108.62537384033203,103.35480499267578,75.4513931274414,22.632722854614258,29.260032653808594,-0.037092383950948715,408521.90625,0.0816926532769556,5144.0,0.02106725112602261
part 2_pre_def_rgb,pre_defoliation,/content/drive/MyDrive/TACC EXPERIMENTS/part 2_pre_def_rgb/DJI_20250929094731_0005_D.JPG,3.8112924098968506,109.53697967529297,105.32032012939453,77.15199279785156,23.951583862304688,29.66695785522461,-0.029984954744577408,274019.4375,0.07787346416643687,5039.0,0.020779761084045716
part 2_pre_def_rgb,pre_defoliation,/content/drive/MyDrive/TACC EXPERIMENTS/part 2_pre_def_rgb/DJI_20250929094733_0006_D.JPG,3.7980542182922363,112.88166046142578,109.45674133300781,80.91696166992188,25.11503028869629,30.174823760986328,-0.024917088449001312,215077.03125,0.0855618240034317,5455.0,0.02267963699175782
part 2_pre_def_rgb,pre_defoliation,/content/drive/MyDrive/TACC EXPERIMENTS/part 2_pre_def_rgb/DJI_20250929094735_0007_D.JPG,3.836543321609497,114.47199249267578,111.08739471435547,82.52667999267578,25.17629623413086,30.347322463989258,-0.02415931411087513,193586.6875,0.0880520957808622,5589.0,0.0237703756472715
part 2_pre_def_rgb,pre_defoliation,/content/drive/MyDrive/TACC EXPERIMENTS/part 2_pre_def_rgb/DJI_20250929094737_0008_D.JPG,3.8031537532806396,116.17243194580078,111.48641967773438,83.08689880371094,23.713289260864258,30.057085037231445,-0.03154115378856659,197661.6875,0.09212861361338358,5894.0,0.0250968992248062
part 2_pre_def_rgb,pre_defoliation,/content/drive/MyDrive/TACC EXPERIMENTS/part 2_pre_def_rgb/DJI_20250929094739_0009_D.JPG,3.807220220565796,113.77220916748047,108.7179183959961,80.17666625976562,23.487104415893555,29.601154327392578,-0.034536004066467285,221793.359375,0.08881560805221068,5368.0,0.02147375869412017
part 2_pre_def_rgb,pre_defoliation,/content/drive/MyDrive/TACC EXPERIMENTS/part 2_pre_def_rgb/DJI_20250929094741_0010_D.JPG,3.806642770767212,115.21588134765625,107.87007141113281,78.91068267822266,21.613832473754883,29.277118682861328,-0.0472504124045372,332919.75,0.09781249042497779,5294.0,0.020934301942580506
part 2_pre_def_rgb,pre_defoliation,/content/drive/MyDrive/TACC EXPERIMENTS/part 2_pre_def_rgb/DJI_20250929094743_0011_D.JPG,3.8013761043548584,115.92253112792969,108.71553039550781,81.30817413330078,20.200265884399414,28.705665588378906,-0.04596578702330589,208773.328125,0.09738788606489567,5848.0,0.024190862747801575
part 2_pre_def_rgb,pre_defoliation,/content/drive/MyDrive/TACC EXPERIMENTS/part 2_pre_def_rgb/DJI_20250929094745_0012_D.JPG,3.814927101135254,111.91783905029297,104.85983276367188,77.7833251953125,20.018524169921875,28.160709381103516,-0.04665081948041916,201316.078125,0.08542332130710543,5660.0,0.022445910699512822
part 2_pre_def_rgb,pre_defoliation,/content/drive/MyDrive/TACC EXPERIMENTS/part 2_pre_def_rgb/DJI_20250929094747_0013_D.JPG,3.795421838760376,108.87407684326172,101.97611236572266,75.66217041015625,19.416297912597656,27.37071418762207,-0.04696253314614296,198705.109375,0.0800229609032693,5390.0,0.021197136302356222
part 2_pre_def_rgb,pre_defoliation,/content/drive/MyDrive/TACC EXPERIMENTS/part 2_pre_def_rgb/DJI_20250929094749_0014_D.JPG,3.804208278656006,112.33128356933594,102.92024230957031,74.4713363647461,19.037948608398438,27.463871002197266,-0.06139160320162773,424605.78125,0.09274998467996445,5352.0,0.020873979302631983
part 2_pre_def_rgb,pre_defoliation,/content/drive/MyDrive/TACC EXPERIMENTS/part 2_pre_def_rgb/DJI_20250929094751_0015_D.JPG,3.800495147705078,113.82313537597656,105.05606842041016,76.33866119384766,19.95045280456543,27.663909912109375,-0.05749525502324104,455805.875,0.10681746369151576,5610.0,0.021281157122284525
part 2_pre_def_rgb,pre_defoliation,/content/drive/MyDrive/TACC EXPERIMENTS/part 2_pre_def_rgb/DJI_20250929094753_0016_D.JPG,3.8039848804473877,108.2540054321289,99.11520385742188,72.57598114013672,17.400611877441406,26.958616256713867,-0.06254727393388748,473398.5,0.08884332774152036,5392.0,0.01994606389986825
part 2_pre_def_rgb,pre_defoliation,/content/drive/MyDrive/TACC EXPERIMENTS/part 2_pre_def_rgb/DJI_20250929094755_0017_D.JPG,3.813840627670288,114.0339126586914,104.15618896484375,75.92657470703125,18.351722717285156,27.862577438354492,-0.0648578479886055,622773.0625,0.11044596623464166,5739.0,0.02205161128473818
part 2_pre_def_rgb,pre_defoliation,/content/drive/MyDrive/TACC EXPERIMENTS/part 2_pre_def_rgb/DJI_20250929094757_0018_D.JPG,3.798889398574829,108.04864501953125,98.76715087890625,71.14257049560547,18.342967987060547,26.998586654663086,-0.05971916764974594,703059.8125,0.08757865880748843,4893.0,0.01859239513435671
part 2_pre_def_rgb,pre_defoliation,/content/drive/MyDrive/TACC EXPERIMENTS/part 2_pre_def_rgb/DJI_20250929094759_0019_D.JPG,3.8003451824188232,115.67176055908203,105.97762298583984,75.84131622314453,20.44258689880371,28.25432777404785,-0.06138104945421219,971885.3125,0.12755337117382112,4924.0,0.019465589285167142
part 2_pre_def_rgb,pre_defoliation,/content/drive/MyDrive/TACC EXPERIMENTS/part 2_pre_def_rgb/DJI_20250929094801_0020_D.JPG,3.793271780014038,109.15916442871094,100.94813537597656,70.68273162841797,22.054420471191406,29.338302612304688,-0.05806916952133179,1023314.1875,0.10042747686674633,4595.0,0.01722101257774918
part 2_pre_def_rgb,pre_defoliation,/content/drive/MyDrive/TACC EXPERIMENTS/part 2_pre_def_rgb/DJI_20250929094803_0021_D.JPG,3.80013108253479,111.80319213867188,103.23689270019531,73.31428527832031,21.356103897094727,29.690954208374023,-0.05923567712306976,897398.0,0.1121969026718142,4915.0,0.018955623602046758
part 2_pre_def_rgb,pre_defoliation,/content/drive/MyDrive/TACC EXPERIMENTS/part 2_pre_def_rgb/DJI_20250929094805_0022_D.JPG,3.794902801513672,107.10196685791016,98.90555572509766,69.92986297607422,20.77898597717285,29.17702293395996,-0.059568919241428375,926445.125,0.093364318105218,4717.0,0.017718051980880594
part 2_pre_def_rgb,pre_defoliation,/content/drive/MyDrive/TACC EXPERIMENTS/part 2_pre_def_rgb/DJI_20250929094807_0023_D.JPG,3.7907803058624268,112.87031555175781,103.35330963134766,72.64566040039062,21.19046401977539,29.86849021911621,-0.06515148282051086,987564.0625,0.11284259429481876,4592.0,0.017726717375984313
part 2_pre_def_rgb,pre_defoliation,/content/drive/MyDrive/TACC EXPERIMENTS/part 2_pre_def_rgb/DJI_20250929094809_0024_D.JPG,3.8158462047576904,106.57087707519531,97.1574935913086,67.42387390136719,20.320072174072266,28.699535369873047,-0.06795401871204376,1001725.1875,0.08542858756932316,4238.0,0.015374613169102552
part 2_pre_def_rgb,pre_defoliation,/content/drive/MyDrive/TACC EXPERIMENTS/part 2_pre_def_rgb/DJI_20250929094811_0025_D.JPG,3.8084325790405273,110.35917663574219,101.58242797851562,71.30245208740234,21.503190994262695,28.787391662597656,-0.06137412041425705,913619.0625,0.10344265136195116,4369.0,0.016661927030670712
part 2_pre_def_rgb,pre_defoliation,/content/drive/MyDrive/TACC EXPERIMENTS/part 2_pre_def_rgb/DJI_20250929094813_0026_D.JPG,3.7902677059173584,106.20663452148438,96.87056732177734,66.63626098632812,20.898468017578125,27.842742919921875,-0.06673888862133026,1015419.75,0.08186313654747679,3756.0,0.013496472561816344
part 2_pre_def_rgb,pre_defoliation,/content/drive/MyDrive/TACC EXPERIMENTS/part 2_pre_def_rgb/DJI_20250929094815_0027_D.JPG,3.7996041774749756,105.54586791992188,97.45203399658203,68.5882568359375,20.770023345947266,27.13938331604004,-0.05868159607052803,812960.9375,0.08566561724423201,3962.0,0.014372443469068848
part 2_pre_def_rgb,pre_defoliation,/content/drive/MyDrive/TACC EXPERIMENTS/part 2_pre_def_rgb/DJI_20250929094817_0028_D.JPG,3.7887117862701416,95.12784576416016,88.34779357910156,61.78364944458008,19.783906936645508,25.04566192626953,-0.05363962799310684,720849.4375,0.0472260681894782,3454.0,0.012211360955357416
part 2_pre_def_rgb,pre_defoliation,/content/drive/MyDrive/TACC EXPERIMENTS/part 2_pre_def_rgb/DJI_20250929094819_0029_D.JPG,3.7718522548675537,104.46098327636719,97.71891784667969,68.97528839111328,22.001611709594727,26.247472763061523,-0.046832431107759476,619814.8125,0.0737405973281858,4013.0,0.01558789678892055
part 2_pre_def_rgb,pre_defoliation,/content/drive/MyDrive/TACC EXPERIMENTS/part 2_pre_def_rgb/DJI_20250929094821_0030_D.JPG,3.798982858657837,95.90681457519531,89.77644348144531,62.91633605957031,20.72966194152832,24.64389419555664,-0.04550641030073166,654435.9375,0.05062433932346723,3389.0,0.012498850997334315
part 2_pre_def_rgb,pre_defoliation,/content/drive/MyDrive/TACC EXPERIMENTS/part 2_pre_def_rgb/DJI_20250929094823_0031_D.JPG,3.7975564002990723,97.75458526611328,90.73676300048828,63.993438720703125,19.725234985351562,24.779054641723633,-0.051550548523664474,766963.8125,0.05757800770597788,3551.0,0.013567710727088888
part 2_pre_def_rgb,pre_defoliation,/content/drive/MyDrive/TACC EXPERIMENTS/part 2_pre_def_rgb/DJI_20250929094825_0032_D.JPG,3.7842495441436768,90.21537017822266,84.35030364990234,59.432674407958984,19.05240249633789,23.36935043334961,-0.044817402958869934,689540.5625,0.03896349427030671,3183.0,0.011816870040138493
part 2_pre_def_rgb,pre_defoliation,/content/drive/MyDrive/TACC EXPERIMENTS/part 2_pre_def_rgb/DJI_20250929094827_0033_D.JPG,3.7865259647369385,95.53350830078125,89.43746948242188,63.43124771118164,19.91057777404785,24.375167846679688,-0.042588766664266586,644332.6875,0.05151045975426663,3618.0,0.014226951006526335
part 2_pre_def_rgb,pre_defoliation,/content/drive/MyDrive/TACC EXPERIMENTS/part 2_pre_def_rgb/DJI_20250929094829_0034_D.JPG,3.795491933822632,91.48558807373047,85.54986572265625,60.85377502441406,18.76022720336914,23.8745174407959,-0.04421501234173775,746862.5625,0.04937297967031284,3387.0,0.012939589269847106
part 2_pre_def_rgb,pre_defoliation,/content/drive/MyDrive/TACC EXPERIMENTS/part 2_pre_def_rgb/DJI_20250929094831_0035_D.JPG,3.799647808074951,97.55756378173828,90.89293670654297,64.38362884521484,19.844940185546875,25.171531677246094,-0.04782216250896454,870900.8125,0.06336007637037717,3770.0,0.014119519257284677
part 2_pre_def_rgb,pre_defoliation,/content/drive/MyDrive/TACC EXPERIMENTS/part 2_pre_def_rgb/DJI_20250929094833_0036_D.JPG,3.7751357555389404,95.93743896484375,89.78543090820312,62.974918365478516,20.658597946166992,25.783475875854492,-0.046266522258520126,875856.375,0.058328114946226674,3603.0,0.012900044428103073
part 2_pre_def_rgb,pre_defoliation,/content/drive/MyDrive/TACC EXPERIMENTS/part 2_pre_def_rgb/DJI_20250929094835_0037_D.JPG,3.7853031158447266,100.7142105102539,94.89871215820312,66.05464172363281,23.02866554260254,27.2128849029541,-0.04287119582295418,897782.6875,0.07531535335661979,3815.0,0.013777738839354106
part 2_pre_def_rgb,pre_defoliation,/content/drive/MyDrive/TACC EXPERIMENTS/part 2_pre_def_rgb/DJI_20250929094837_0038_D.JPG,3.7800469398498535,95.32963562011719,90.2027587890625,61.81703567504883,23.259151458740234,27.168277740478516,-0.04144340753555298,918667.875,0.057285586527560745,3506.0,0.011924397539602291
part 2_pre_def_rgb,pre_defoliation,/content/drive/MyDrive/TACC EXPERIMENTS/part 2_pre_def_rgb/DJI_20250929094839_0039_D.JPG,3.799021005630493,101.50579071044922,96.00570678710938,66.01241302490234,24.493408203125,28.327529907226562,-0.04313713684678078,930513.625,0.07865430722799277,3740.0,0.013392918696571375
part 2_pre_def_rgb,pre_defoliation,/content/drive/MyDrive/TACC EXPERIMENTS/part 2_pre_def_rgb/DJI_20250929094841_0040_D.JPG,3.8313944339752197,96.95857238769531,93.0633316040039,62.688045501708984,26.480077743530273,28.148775100708008,-0.034290049225091934,971405.3125,0.06407130902043692,3330.0,0.011192339216226982
part 2_pre_def_rgb,pre_defoliation,/content/drive/MyDrive/TACC EXPERIMENTS/part 2_pre_def_rgb/DJI_20250929094843_0041_D.JPG,3.8075687885284424,102.44468688964844,98.45706176757812,67.00831604003906,27.460994720458984,28.95868682861328,-0.03379451110959053,873618.625,0.08427029713208935,3610.0,0.012501627753776388
part 2_pre_def_rgb,pre_defoliation,/content/drive/MyDrive/TACC EXPERIMENTS/part 2_pre_def_rgb/DJI_20250929094845_0042_D.JPG,3.777395009994507,95.53224182128906,92.95464324951172,64.01312255859375,26.364093780517578,28.12514305114746,-0.026612568646669388,703554.5,0.06200224247020253,3419.0,0.011878102307197352
part 2_pre_def_rgb,pre_defoliation,/content/drive/MyDrive/TACC EXPERIMENTS/part 2_pre_def_rgb/DJI_20250929094847_0043_D.JPG,3.802537202835083,100.3462905883789,95.25054168701172,69.23821258544922,20.916648864746094,27.79888153076172,-0.04305068403482437,545138.0625,0.08000467261084046,4583.0,0.017746058920856695
part 2_pre_def_rgb,pre_defoliation,/content/drive/MyDrive/TACC EXPERIMENTS/part 2_pre_def_rgb/DJI_20250929094849_0044_D.JPG,3.8038406372070312,93.47907257080078,89.20660400390625,68.0662841796875,16.867921829223633,25.386808395385742,-0.038591168820858,314561.84375,0.05999450393724914,4867.0,0.019226117979593713
part 2_pre_def_rgb,pre_defoliation,/content/drive/MyDrive/TACC EXPERIMENTS/part 2_pre_def_rgb/DJI_20250929094851_0045_D.JPG,3.805840253829956,97.37554168701172,93.0959701538086,71.15628051757812,17.660140991210938,25.755516052246094,-0.03719241917133331,314551.5,0.07553031260532525,5061.0,0.021095832567331555
part 2_pre_def_rgb,pre_defoliation,/content/drive/MyDrive/TACC EXPERIMENTS/part 2_pre_def_rgb/DJI_20250929094853_0046_D.JPG,3.8019323348999023,92.6194839477539,88.7120361328125,70.48788452148438,14.31662654876709,23.91664695739746,-0.034658804535865784,199878.359375,0.061861968394766674,5228.0,0.02180390546006067
part 2_pre_def_rgb,pre_defoliation,/content/drive/MyDrive/TACC EXPERIMENTS/part 2_pre_def_rgb/DJI_20250929094855_0047_D.JPG,3.7816925048828125,96.66024780273438,92.43457794189453,70.95856475830078,17.250185012817383,25.109617233276367,-0.03437114134430885,286024.78125,0.07164989122774765,4871.0,0.01966585087477403
part 2_pre_def_rgb,pre_defoliation,/content/drive/MyDrive/TACC EXPERIMENTS/part 2_pre_def_rgb/DJI_20250929094857_0048_D.JPG,3.7966086864471436,95.31712341308594,91.5042495727539,66.92233276367188,20.769203186035156,25.85913848876953,-0.03045663982629776,443496.625,0.06135133246009131,3853.0,0.014910511842387474
part 2_pre_def_rgb,pre_defoliation,/content/drive/MyDrive/TACC EXPERIMENTS/part 2_pre_def_rgb/DJI_20250929094859_0049_D.JPG,3.8016536235809326,95.21033477783203,92.07347106933594,64.60037994384766,24.33632469177246,26.694557189941406,-0.02485579065978527,622538.5625,0.060555648114103626,3077.0,0.011337305052547722
part 2_pre_def_rgb,pre_defoliation,/content/drive/MyDrive/TACC EXPERIMENTS/part 2_pre_def_rgb/DJI_20250929094901_0050_D.JPG,3.7931947708129883,91.63900756835938,88.34567260742188,61.834163665771484,23.218475341796875,26.1073055267334,-0.02612774260342121,634883.875,0.049095687026993906,2772.0,0.010242161886815577
part3_post_def_rgb,post_defoliation,/content/drive/MyDrive/TACC EXPERIMENTS/part3_post_def_rgb/DJI_20250929121455_0030_D.JPG,3.901650905609131,98.17339324951172,92.41856384277344,82.86458587646484,3.79913067817688,12.860880851745605,-0.05037441849708557,99044.8984375,0.11543115367527652,9760.0,0.03234251003462328
part3_post_def_rgb,post_defoliation,/content/drive/MyDrive/TACC EXPERIMENTS/part3_post_def_rgb/DJI_20250929121459_0032_D.JPG,3.9104373455047607,98.18318176269531,92.27717590332031,82.67415618896484,3.696939468383789,12.721024513244629,-0.050466980785131454,98277.9296875,0.11399542696939056,9741.0,0.032604674142844015
part3_post_def_rgb,post_defoliation,/content/drive/MyDrive/TACC EXPERIMENTS/part3_post_def_rgb/DJI_20250929121501_0033_D.JPG,3.9425852298736572,105.35445404052734,98.34149932861328,87.63395690917969,3.694688558578491,13.590845108032227,-0.05588765814900398,134523.390625,0.1295696793516561,10785.0,0.0393522401721972
part3_post_def_rgb,post_defoliation,/content/drive/MyDrive/TACC EXPERIMENTS/part3_post_def_rgb/DJI_20250929121503_0034_D.JPG,4.057685852050781,100.39185333251953,93.3620834350586,82.31268310546875,4.019486904144287,13.052665710449219,-0.05697482451796532,132725.015625,0.11408686843153476,9312.0,0.03127283642798051
part3_post_def_rgb,post_defoliation,/content/drive/MyDrive/TACC EXPERIMENTS/part3_post_def_rgb/DJI_20250929121505_0035_D.JPG,3.931635856628418,105.53104400634766,98.12483215332031,86.92646789550781,3.7919485569000244,13.431525230407715,-0.05618860572576523,134851.703125,0.1265552708582284,10418.0,0.03862066059993259
part3_post_def_rgb,post_defoliation,/content/drive/MyDrive/TACC EXPERIMENTS/part3_post_def_rgb/DJI_20250929121507_0036_D.JPG,3.8910648822784424,100.71166229248047,93.89029693603516,82.8451156616211,4.223963260650635,13.039838790893555,-0.054186224937438965,128828.9921875,0.1138980011183626,9166.0,0.030971893479792872
part3_post_def_rgb,post_defoliation,/content/drive/MyDrive/TACC EXPERIMENTS/part3_post_def_rgb/DJI_20250929121509_0037_D.JPG,3.9057798385620117,105.56163787841797,98.1982192993164,86.67539978027344,4.159132480621338,13.644820213317871,-0.055662818253040314,134382.328125,0.12591345711922053,9854.0,0.035215447574838375
part3_post_def_rgb,post_defoliation,/content/drive/MyDrive/TACC EXPERIMENTS/part3_post_def_rgb/DJI_20250929121511_0038_D.JPG,3.9610178470611572,106.45394897460938,99.82161712646484,88.37847900390625,4.81096076965332,14.029958724975586,-0.049684591591358185,105018.1015625,0.13218275078898184,9636.0,0.03362283412997518
part3_post_def_rgb,post_defoliation,/content/drive/MyDrive/TACC EXPERIMENTS/part3_post_def_rgb/DJI_20250929121513_0039_D.JPG,3.9309093952178955,109.14043426513672,101.89137268066406,90.1119155883789,4.530338287353516,14.259505271911621,-0.052183475345373154,98474.7734375,0.1364216609982535,10014.0,0.03683444020590128
part3_post_def_rgb,post_defoliation,/content/drive/MyDrive/TACC EXPERIMENTS/part3_post_def_rgb/DJI_20250929121515_0040_D.JPG,3.926722288131714,103.85372161865234,97.13372802734375,85.56851196289062,4.845030784606934,13.583229064941406,-0.049687210470438004,80414.71875,0.12320520996108711,8928.0,0.02981556592211294
part3_post_def_rgb,post_defoliation,/content/drive/MyDrive/TACC EXPERIMENTS/part3_post_def_rgb/DJI_20250929121517_0041_D.JPG,3.9344255924224854,110.18716430664062,102.88697052001953,90.21794128417969,5.368757247924805,14.325189590454102,-0.05099891871213913,125991.3671875,0.14065520919508534,9896.0,0.035420113674663724
part3_post_def_rgb,post_defoliation,/content/drive/MyDrive/TACC EXPERIMENTS/part3_post_def_rgb/DJI_20250929121519_0042_D.JPG,3.9174492359161377,98.87246704101562,92.24166107177734,81.16484832763672,4.446106433868408,12.2669095993042,-0.05146591737866402,97261.7109375,0.11057245227808929,8675.0,0.028019674755645433
part3_post_def_rgb,post_defoliation,/content/drive/MyDrive/TACC EXPERIMENTS/part3_post_def_rgb/DJI_20250929121521_0043_D.JPG,3.8886919021606445,103.7737045288086,96.4635009765625,85.32649993896484,3.826981544494629,12.830253601074219,-0.05365023761987686,85717.484375,0.12106691600024512,9636.0,0.033321173055121486
part3_post_def_rgb,post_defoliation,/content/drive/MyDrive/TACC EXPERIMENTS/part3_post_def_rgb/DJI_20250929121523_0044_D.JPG,3.9243276119232178,103.73204803466797,96.76100158691406,85.39170837402344,4.398155689239502,13.250093460083008,-0.05097862705588341,73657.1328125,0.12106648512424549,9017.0,0.03010722109875295
part3_post_def_rgb,post_defoliation,/content/drive/MyDrive/TACC EXPERIMENTS/part3_post_def_rgb/DJI_20250929121525_0045_D.JPG,3.9114999771118164,105.72464752197266,99.66320037841797,88.4262924194336,5.175431251525879,13.583439826965332,-0.043377816677093506,71102.890625,0.12993060981401477,9504.0,0.03214392407390385
part3_post_def_rgb,post_defoliation,/content/drive/MyDrive/TACC EXPERIMENTS/part3_post_def_rgb/DJI_20250929121527_0046_D.JPG,3.9041311740875244,101.45806121826172,96.20767211914062,85.44255065917969,5.514904022216797,13.099932670593262,-0.03798958286643028,53893.77734375,0.12040623946747557,8581.0,0.027678325213714494
part3_post_def_rgb,post_defoliation,/content/drive/MyDrive/TACC EXPERIMENTS/part3_post_def_rgb/DJI_20250929121529_0047_D.JPG,3.9241628646850586,106.22032928466797,100.06294250488281,88.2873764038086,5.61818790435791,14.003097534179688,-0.043804243206977844,94800.921875,0.13409899998467997,9367.0,0.03314824815393572
part3_post_def_rgb,post_defoliation,/content/drive/MyDrive/TACC EXPERIMENTS/part3_post_def_rgb/DJI_20250929121531_0048_D.JPG,3.888058662414551,98.38563537597656,91.54972839355469,80.40618133544922,4.30776309967041,12.931848526000977,-0.05328976362943649,113112.9375,0.1108713365965009,8708.0,0.030047042084137634
part3_post_def_rgb,post_defoliation,/content/drive/MyDrive/TACC EXPERIMENTS/part3_post_def_rgb/DJI_20250929121533_0049_D.JPG,3.9035046100616455,103.27133178710938,96.54194641113281,84.70977020263672,5.102622032165527,13.850000381469727,-0.051468029618263245,141261.953125,0.12340168941691945,9197.0,0.03152801076998499
part3_post_def_rgb,post_defoliation,/content/drive/MyDrive/TACC EXPERIMENTS/part3_post_def_rgb/DJI_20250929121535_0050_D.JPG,3.9392802715301514,98.96345520019531,92.78400421142578,81.62715148925781,4.977348327636719,13.32065200805664,-0.04835908114910126,103943.0390625,0.11153100775193799,8356.0,0.026928265848576768
part3_post_def_rgb,post_defoliation,/content/drive/MyDrive/TACC EXPERIMENTS/part3_post_def_rgb/DJI_20250929121537_0051_D.JPG,3.869492530822754,96.84048461914062,91.88905334472656,81.92849731445312,5.009280681610107,13.21613597869873,-0.037908636033535004,65816.7421875,0.11684437907895946,8175.0,0.027203212611453257
part3_post_def_rgb,post_defoliation,/content/drive/MyDrive/TACC EXPERIMENTS/part3_post_def_rgb/DJI_20250929121539_0052_D.JPG,3.9083025455474854,92.18506622314453,90.8132095336914,85.24344635009766,4.197857856750488,11.526677131652832,-0.012794546782970428,5951.0419921875,0.10741250344700799,8334.0,0.023796611208138002
part3_post_def_rgb,post_defoliation,/content/drive/MyDrive/TACC EXPERIMENTS/part3_post_def_rgb/DJI_20250929121541_0053_D.JPG,3.895883560180664,98.62657165527344,96.75775909423828,89.8377456665039,5.0510640144348145,12.604753494262695,-0.014729096554219723,6776.478515625,0.12420915104023042,8974.0,0.02721867627232895
part3_post_def_rgb,post_defoliation,/content/drive/MyDrive/TACC EXPERIMENTS/part3_post_def_rgb/DJI_20250929121543_0054_D.JPG,3.88044810295105,104.94337463378906,103.58983612060547,97.29180145263672,4.944537162780762,12.575382232666016,-0.011788086965680122,2026.3583984375,0.13410656425222905,9754.0,0.029699325152434352
part3_post_def_rgb,post_defoliation,/content/drive/MyDrive/TACC EXPERIMENTS/part3_post_def_rgb/DJI_20250929121545_0055_D.JPG,3.9171721935272217,108.21562194824219,107.43055725097656,100.99923706054688,5.646240234375,12.647934913635254,-0.008708986453711987,895.2305908203125,0.1370381966786163,10727.0,0.03159489230015013
part3_post_def_rgb,post_defoliation,/content/drive/MyDrive/TACC EXPERIMENTS/part3_post_def_rgb/DJI_20250929121547_0056_D.JPG,3.905258893966675,111.5849838256836,110.2081527709961,103.22456359863281,5.606593132019043,13.216093063354492,-0.012084209360182285,1055.6470947265625,0.14352919998774397,11906.0,0.03843725104942244
part3_post_def_rgb,post_defoliation,/content/drive/MyDrive/TACC EXPERIMENTS/part3_post_def_rgb/DJI_20250929121549_0057_D.JPG,3.9254372119903564,110.05946350097656,109.01811981201172,102.70851135253906,5.268014430999756,12.820268630981445,-0.010151121765375137,1157.99462890625,0.14403208015442595,11793.0,0.036323469145448414
part3_post_def_rgb,post_defoliation,/content/drive/MyDrive/TACC EXPERIMENTS/part3_post_def_rgb/DJI_20250929121551_0058_D.JPG,3.9093239307403564,110.9158706665039,109.98981475830078,104.06938171386719,4.994327068328857,12.535381317138672,-0.009410659782588482,862.5747680664062,0.14710120989980696,12184.0,0.03812429144835616
part3_post_def_rgb,post_defoliation,/content/drive/MyDrive/TACC EXPERIMENTS/part3_post_def_rgb/DJI_20250929121553_0059_D.JPG,3.8963160514831543,110.30309295654297,109.38816833496094,103.28063201904297,5.192584037780762,12.317216873168945,-0.009445803239941597,839.6912231445312,0.14607002788246468,11733.0,0.035858410316511935
part3_post_def_rgb,post_defoliation,/content/drive/MyDrive/TACC EXPERIMENTS/part3_post_def_rgb/DJI_20250929121555_0060_D.JPG,3.903247833251953,111.6755599975586,110.77166748046875,104.79727935791016,5.070392608642578,12.262246131896973,-0.009062347002327442,808.4754638671875,0.15028883054508688,12542.0,0.040867774688237275
part3_post_def_rgb,post_defoliation,/content/drive/MyDrive/TACC EXPERIMENTS/part3_post_def_rgb/DJI_20250929121557_0061_D.JPG,3.961315631866455,110.17799377441406,109.35033416748047,103.37445068359375,5.1480913162231445,12.10211181640625,-0.008394609205424786,1028.8050537109375,0.14881710175567608,11762.0,0.03692372728804731
part3_post_def_rgb,post_defoliation,/content/drive/MyDrive/TACC EXPERIMENTS/part3_post_def_rgb/DJI_20250929121559_0062_D.JPG,3.9148526191711426,108.8966293334961,107.14839935302734,100.96744537353516,4.432743549346924,11.888140678405762,-0.012720254249870777,1763.2838134765625,0.14767652510953824,12539.0,0.042968438811778045
part3_post_def_rgb,post_defoliation,/content/drive/MyDrive/TACC EXPERIMENTS/part3_post_def_rgb/DJI_20250929121601_0063_D.JPG,3.918708324432373,106.83648681640625,105.65096282958984,99.90035247802734,4.564899921417236,11.599823951721191,-0.009511252865195274,1227.837158203125,0.1437457869902258,11452.0,0.036733375846431965
part3_post_def_rgb,post_defoliation,/content/drive/MyDrive/TACC EXPERIMENTS/part3_post_def_rgb/DJI_20250929121603_0064_D.JPG,3.9119250774383545,110.08845520019531,109.19660186767578,103.05281829833984,5.251858234405518,11.999150276184082,-0.008167456835508347,846.5429077148438,0.1472326749548059,11961.0,0.03943650036768085
part3_post_def_rgb,post_defoliation,/content/drive/MyDrive/TACC EXPERIMENTS/part3_post_def_rgb/DJI_20250929121605_0065_D.JPG,3.9132816791534424,107.71907806396484,107.6867446899414,102.23534393310547,5.419102668762207,11.73394775390625,-0.004011259879916906,429.62396240234375,0.14045207509881422,10229.0,0.030210200462665072
part3_post_def_rgb,post_defoliation,/content/drive/MyDrive/TACC EXPERIMENTS/part3_post_def_rgb/DJI_20250929121607_0066_D.JPG,3.8866846561431885,113.99967193603516,113.42984771728516,108.09603881835938,4.763766765594482,11.955344200134277,-0.006769044790416956,720.6644287109375,0.1559845803842265,13469.0,0.049124747219413546
part3_post_def_rgb,post_defoliation,/content/drive/MyDrive/TACC EXPERIMENTS/part3_post_def_rgb/DJI_20250929121609_0067_D.JPG,3.900731086730957,108.18385314941406,108.2374267578125,103.27436065673828,5.016594886779785,11.862019538879395,-0.0035481168888509274,406.8228759765625,0.1442993668995312,11093.0,0.032200368829855684
part3_post_def_rgb,post_defoliation,/content/drive/MyDrive/TACC EXPERIMENTS/part3_post_def_rgb/DJI_20250929121611_0068_D.JPG,3.9065005779266357,107.33768463134766,106.97854614257812,101.3465576171875,5.273077964782715,11.969002723693848,-0.005761616863310337,698.6567993164062,0.1438723687838956,10022.0,0.03133277606704048
part3_post_def_rgb,post_defoliation,/content/drive/MyDrive/TACC EXPERIMENTS/part3_post_def_rgb/DJI_20250929121613_0069_D.JPG,3.882190227508545,104.44966125488281,104.01655578613281,99.09019470214844,4.493200778961182,11.368715286254883,-0.006694639567285776,437.0443420410156,0.13769892108649692,10309.0,0.030093672442320068
part3_post_def_rgb,post_defoliation,/content/drive/MyDrive/TACC EXPERIMENTS/part3_post_def_rgb/DJI_20250929121615_0070_D.JPG,3.9361560344696045,110.17884063720703,109.65076446533203,104.08419799804688,5.038357734680176,11.965155601501465,-0.007299554068595171,356.9083251953125,0.14834093590097128,11566.0,0.035069093360296594
part3_post_def_rgb,post_defoliation,/content/drive/MyDrive/TACC EXPERIMENTS/part3_post_def_rgb/DJI_20250929121617_0071_D.JPG,3.8963522911071777,109.19248962402344,108.80191040039062,103.16397857666016,5.247524738311768,11.714576721191406,-0.006683983374387026,370.6453857421875,0.1457442377516316,11105.0,0.03322302907742746
part3_post_def_rgb,post_defoliation,/content/drive/MyDrive/TACC EXPERIMENTS/part3_post_def_rgb/DJI_20250929121619_0072_D.JPG,3.9052627086639404,110.91596984863281,110.39984130859375,104.72732543945312,5.156308650970459,12.121522903442383,-0.007635754067450762,412.1064147949219,0.1478426996200631,11608.0,0.0357045875846432
part3_post_def_rgb,post_defoliation,/content/drive/MyDrive/TACC EXPERIMENTS/part3_post_def_rgb/DJI_20250929121621_0073_D.JPG,3.886992931365967,109.81414794921875,108.75310516357422,102.42772674560547,5.264459609985352,12.49169635772705,-0.01091691479086876,584.3355712890625,0.14353709938107057,11598.0,0.03663968425406747
part3_post_def_rgb,post_defoliation,/content/drive/MyDrive/TACC EXPERIMENTS/part3_post_def_rgb/DJI_20250929121623_0074_D.JPG,3.910813570022583,109.74818420410156,109.43698120117188,103.65084838867188,5.475541114807129,12.507375717163086,-0.006868737284094095,335.1220703125,0.142645425437387,10868.0,0.03208867619572878
part3_post_def_rgb,post_defoliation,/content/drive/MyDrive/TACC EXPERIMENTS/part3_post_def_rgb/DJI_20250929121625_0075_D.JPG,3.9169762134552,108.7659683227539,108.19314575195312,102.80242919921875,4.8180365562438965,12.413188934326172,-0.00855804979801178,359.1088562011719,0.13998160638232682,11529.0,0.03433885429114195
part3_post_def_rgb,post_defoliation,/content/drive/MyDrive/TACC EXPERIMENTS/part3_post_def_rgb/DJI_20250929121627_0076_D.JPG,3.9111545085906982,109.97354888916016,109.32388305664062,103.19584655761719,5.478175640106201,12.89516830444336,-0.00889680813997984,484.70111083984375,0.14082334658516407,11312.0,0.034522215966541044
part3_post_def_rgb,post_defoliation,/content/drive/MyDrive/TACC EXPERIMENTS/part3_post_def_rgb/DJI_20250929121629_0077_D.JPG,3.8930764198303223,109.65007781982422,108.96769714355469,102.78570556640625,5.49973201751709,12.83948040008545,-0.00884994212538004,413.1272888183594,0.13864459815546773,11232.0,0.03483800019916046
part3_post_def_rgb,post_defoliation,/content/drive/MyDrive/TACC EXPERIMENTS/part3_post_def_rgb/DJI_20250929121631_0078_D.JPG,3.8992884159088135,110.47799682617188,109.74922943115234,103.28510284423828,5.7356181144714355,13.041892051696777,-0.009157945401966572,465.60205078125,0.1393756032263995,10975.0,0.03366295347305206
part3_post_def_rgb,post_defoliation,/content/drive/MyDrive/TACC EXPERIMENTS/part3_post_def_rgb/DJI_20250929121633_0079_D.JPG,3.8734822273254395,109.04988861083984,108.36740112304688,102.39846801757812,5.2863545417785645,12.721179008483887,-0.009061002172529697,372.19195556640625,0.13660076178876734,10659.0,0.03154783106596807
part3_post_def_rgb,post_defoliation,/content/drive/MyDrive/TACC EXPERIMENTS/part3_post_def_rgb/DJI_20250929121635_0080_D.JPG,3.9249355792999268,110.66346740722656,110.11414337158203,103.83546447753906,5.728968620300293,12.966675758361816,-0.00817454420030117,466.2195739746094,0.13913876505193493,10644.0,0.031772317461776514
part3_post_def_rgb,post_defoliation,/content/drive/MyDrive/TACC EXPERIMENTS/part3_post_def_rgb/DJI_20250929121637_0081_D.JPG,3.892817974090576,97.57360076904297,95.51349639892578,88.5118179321289,4.9413957595825195,11.98638916015625,-0.01706899143755436,4348.3798828125,0.11465361399638448,8137.0,0.02503566695774734
part3_post_def_rgb,post_defoliation,/content/drive/MyDrive/TACC EXPERIMENTS/part3_post_def_rgb/DJI_20250929121639_0082_D.JPG,3.8749794960021973,86.06893157958984,81.2568359375,74.5167236328125,1.9278820753097534,10.319332122802734,-0.03894134610891342,38435.4765625,0.07698772673652603,8636.0,0.030773451144406654
part3_post_def_rgb,post_defoliation,/content/drive/MyDrive/TACC EXPERIMENTS/part3_post_def_rgb/DJI_20250929121641_0083_D.JPG,3.887993574142456,97.35578918457031,90.91600036621094,80.26366424560547,4.212401390075684,12.516620635986328,-0.050873350352048874,119607.90625,0.09667344578239422,7639.0,0.02373671944418911
part3_post_def_rgb,post_defoliation,/content/drive/MyDrive/TACC EXPERIMENTS/part3_post_def_rgb/DJI_20250929121643_0084_D.JPG,3.8649139404296875,105.18087005615234,98.31291198730469,86.38743591308594,5.057429313659668,13.437326431274414,-0.05003597214818001,132492.171875,0.12160354812023164,8594.0,0.029039797622330485
part3_post_def_rgb,post_defoliation,/content/drive/MyDrive/TACC EXPERIMENTS/part3_post_def_rgb/DJI_20250929121645_0085_D.JPG,3.8883960247039795,98.158935546875,91.99488067626953,81.28028869628906,4.550346851348877,12.27263355255127,-0.0480923131108284,98728.8046875,0.10012457103900481,7286.0,0.021899751432423325
part3_post_def_rgb,post_defoliation,/content/drive/MyDrive/TACC EXPERIMENTS/part3_post_def_rgb/DJI_20250929121647_0086_D.JPG,3.8638343811035156,106.84489440917969,99.3452377319336,87.650390625,4.195019245147705,13.25477123260498,-0.05326081067323685,118332.671875,0.12592695790054234,9215.0,0.03194706161718295
part3_post_def_rgb,post_defoliation,/content/drive/MyDrive/TACC EXPERIMENTS/part3_post_def_rgb/DJI_20250929121649_0087_D.JPG,3.885969877243042,99.27841186523438,92.50707244873047,82.15638732910156,3.5792880058288574,12.274432182312012,-0.05185049772262573,86235.9140625,0.10206064053068603,7856.0,0.02483061785703343
part3_post_def_rgb,post_defoliation,/content/drive/MyDrive/TACC EXPERIMENTS/part3_post_def_rgb/DJI_20250929121651_0088_D.JPG,3.8778021335601807,105.02997589111328,97.99433135986328,86.90098571777344,4.057831764221191,12.833046913146973,-0.0507245771586895,92936.640625,0.12126339545607746,8761.0,0.030421808453595614
part3_post_def_rgb,post_defoliation,/content/drive/MyDrive/TACC EXPERIMENTS/part3_post_def_rgb/DJI_20250929121653_0089_D.JPG,3.880560874938965,97.55523681640625,91.24340057373047,80.30509948730469,4.626647472381592,12.14298152923584,-0.049812644720077515,98996.484375,0.09840968456046818,6993.0,0.0206115758188559
part3_post_def_rgb,post_defoliation,/content/drive/MyDrive/TACC EXPERIMENTS/part3_post_def_rgb/DJI_20250929121655_0090_D.JPG,3.881261110305786,105.16060638427734,98.10145568847656,86.89087677001953,4.151157379150391,12.881010055541992,-0.05109797790646553,94355.2109375,0.1219474350430493,8876.0,0.029502366945491312
part3_post_def_rgb,post_defoliation,/content/drive/MyDrive/TACC EXPERIMENTS/part3_post_def_rgb/DJI_20250929121657_0091_D.JPG,3.8716378211975098,96.1122817993164,90.21219635009766,80.441162109375,3.871129274368286,11.57657527923584,-0.046795666217803955,70061.34375,0.09519147171921438,7041.0,0.020809347902687136
part3_post_def_rgb,post_defoliation,/content/drive/MyDrive/TACC EXPERIMENTS/part3_post_def_rgb/DJI_20250929121659_0092_D.JPG,3.906890869140625,103.84773254394531,97.29743194580078,86.53838348388672,4.208831310272217,12.923842430114746,-0.04865540564060211,92305.640625,0.11960299085393879,8473.0,0.027993008318779298
part3_post_def_rgb,post_defoliation,/content/drive/MyDrive/TACC EXPERIMENTS/part3_post_def_rgb/DJI_20250929121701_0093_D.JPG,3.905423402786255,98.68260192871094,92.42337036132812,82.39058685302734,3.773435115814209,12.383676528930664,-0.04937515780329704,89970.4765625,0.10479397424702025,7815.0,0.024381980191194044
part3_post_def_rgb,post_defoliation,/content/drive/MyDrive/TACC EXPERIMENTS/part3_post_def_rgb/DJI_20250929121703_0094_D.JPG,3.935102939605713,102.83838653564453,96.14798736572266,85.82027435302734,3.637472152709961,12.971569061279297,-0.05155622959136963,116114.9921875,0.1185568239268315,8974.0,0.030634278196525415
part3_post_def_rgb,post_defoliation,/content/drive/MyDrive/TACC EXPERIMENTS/part3_post_def_rgb/DJI_20250929121705_0095_D.JPG,3.9005727767944336,94.17011260986328,88.35832977294922,79.06685638427734,3.479698657989502,11.76152229309082,-0.04911375045776367,95356.3046875,0.09457373916107485,7582.0,0.02296722278395686
part3_post_def_rgb,post_defoliation,/content/drive/MyDrive/TACC EXPERIMENTS/part3_post_def_rgb/DJI_20250929121707_0096_D.JPG,3.8985681533813477,102.62969970703125,96.14530181884766,85.91117095947266,3.7497568130493164,12.795266151428223,-0.04991748183965683,96137.90625,0.11827100951374207,9014.0,0.030590663970340413
part3_post_def_rgb,post_defoliation,/content/drive/MyDrive/TACC EXPERIMENTS/part3_post_def_rgb/DJI_20250929121709_0097_D.JPG,3.8762450218200684,95.83927154541016,89.7746353149414,80.60783386230469,3.102282762527466,11.75079345703125,-0.05109222233295441,85450.9375,0.10066675667187548,8091.0,0.02538266576278457
part3_post_def_rgb,post_defoliation,/content/drive/MyDrive/TACC EXPERIMENTS/part3_post_def_rgb/DJI_20250929121711_0098_D.JPG,3.85672926902771,101.35615539550781,95.19371795654297,85.68714904785156,3.3442189693450928,12.376559257507324,-0.04898364469408989,85149.328125,0.11802555381928487,9384.0,0.03138577381499525
part3_post_def_rgb,post_defoliation,/content/drive/MyDrive/TACC EXPERIMENTS/part3_post_def_rgb/DJI_20250929121713_0099_D.JPG,3.887828826904297,106.1365966796875,99.35454559326172,89.6751937866211,2.8973429203033447,12.820162773132324,-0.05162811279296875,91945.859375,0.13166842847075405,10913.0,0.03992635850415173
part3_post_def_rgb,post_defoliation,/content/drive/MyDrive/TACC EXPERIMENTS/part3_post_def_rgb/DJI_20250929121715_0100_D.JPG,3.8872108459472656,99.73954010009766,93.98912811279297,84.53479766845703,3.7038445472717285,12.248595237731934,-0.04780317097902298,93936.3046875,0.11684634195851334,8946.0,0.02943337891043907
part3_post_def_rgb,post_defoliation,/content/drive/MyDrive/TACC EXPERIMENTS/part3_post_def_rgb/DJI_20250929121717_0101_D.JPG,3.8950743675231934,104.56193542480469,98.83731842041016,89.09837341308594,4.014286994934082,12.859541893005371,-0.04627617076039314,110161.515625,0.13203510394644116,10222.0,0.0356669098722309
part3_post_def_rgb,post_defoliation,/content/drive/MyDrive/TACC EXPERIMENTS/part3_post_def_rgb/DJI_20250929121719_0102_D.JPG,3.9057281017303467,98.98096466064453,93.34397888183594,83.8975601196289,3.809206247329712,12.311145782470703,-0.04743948206305504,98554.3359375,0.11629328867542972,8990.0,0.029641635643594694
part3_post_def_rgb,post_defoliation,/content/drive/MyDrive/TACC EXPERIMENTS/part3_post_def_rgb/DJI_20250929121721_0103_D.JPG,3.9067749977111816,103.80248260498047,97.9135513305664,88.4661636352539,3.558603048324585,12.85421085357666,-0.04806764796376228,112314.0078125,0.12993774320556423,10682.0,0.037696096454943775
part3_post_def_rgb,post_defoliation,/content/drive/MyDrive/TACC EXPERIMENTS/part3_post_def_rgb/DJI_20250929121723_0104_D.JPG,3.863778591156006,95.98208618164062,91.53204345703125,82.94560241699219,4.136438846588135,11.759759902954102,-0.03975806385278702,83421.65625,0.1116525147838343,8380.0,0.02626505193492049
part3_post_def_rgb,post_defoliation,/content/drive/MyDrive/TACC EXPERIMENTS/part3_post_def_rgb/DJI_20250929121725_0105_D.JPG,3.906062602996826,102.82830810546875,97.85150146484375,88.4518051147461,4.42290735244751,12.594612121582031,-0.0414755642414093,102286.9921875,0.12911759467781966,9655.0,0.0326315799552655
part3_post_def_rgb,post_defoliation,/content/drive/MyDrive/TACC EXPERIMENTS/part3_post_def_rgb/DJI_20250929121727_0106_D.JPG,3.888551712036133,96.41818237304688,92.14160919189453,83.62380981445312,4.2413434982299805,11.64672565460205,-0.03787338361144066,78325.6484375,0.11265937624475289,8217.0,0.02567772007231057
part3_post_def_rgb,post_defoliation,/content/drive/MyDrive/TACC EXPERIMENTS/part3_post_def_rgb/DJI_20250929121729_0107_D.JPG,3.936835765838623,101.95735168457031,97.61758422851562,88.39380645751953,4.883907318115234,12.15496826171875,-0.03533284738659859,79253.703125,0.12676716609982536,9436.0,0.03038982787940068
part3_post_def_rgb,post_defoliation,/content/drive/MyDrive/TACC EXPERIMENTS/part3_post_def_rgb/DJI_20250929121731_0108_D.JPG,3.891671895980835,97.52666473388672,92.73783111572266,84.03504180908203,3.9138455390930176,11.91126537322998,-0.04213594272732735,94334.515625,0.11521509329901646,8940.0,0.028999295278365044
part3_post_def_rgb,post_defoliation,/content/drive/MyDrive/TACC EXPERIMENTS/part3_post_def_rgb/DJI_20250929121733_0109_D.JPG,3.8844144344329834,101.82803344726562,96.96802520751953,88.24077606201172,3.867222309112549,12.282806396484375,-0.040248386561870575,77927.5078125,0.12646019088764285,9936.0,0.03392760708704844
part3_post_def_rgb,post_defoliation,/content/drive/MyDrive/TACC EXPERIMENTS/part3_post_def_rgb/DJI_20250929121735_0110_D.JPG,3.900327444076538,96.9719467163086,92.6734390258789,83.9920654296875,4.382826805114746,12.061955451965332,-0.0380425751209259,82621.4453125,0.11484315156111162,8214.0,0.026310916291325797
part4_post_def_rgb,post_defoliation,/content/drive/MyDrive/TACC EXPERIMENTS/part4_post_def_rgb/DJI_20250929121357_0001_D.JPG,3.892906665802002,97.02229309082031,90.9951400756836,80.31573486328125,4.652185440063477,13.967816352844238,-0.050638072192668915,149649.3125,0.10991062674265405,8700.0,0.02966700945246193
part4_post_def_rgb,post_defoliation,/content/drive/MyDrive/TACC EXPERIMENTS/part4_post_def_rgb/DJI_20250929121401_0003_D.JPG,3.869157552719116,95.80895233154297,90.66185760498047,81.00011444091797,4.514660835266113,12.8893461227417,-0.04446347430348396,107889.0078125,0.11156528633146429,9046.0,0.029505095826822317
part4_post_def_rgb,post_defoliation,/content/drive/MyDrive/TACC EXPERIMENTS/part4_post_def_rgb/DJI_20250929121403_0004_D.JPG,3.904326915740967,98.81952667236328,94.04071807861328,84.27799987792969,4.983794689178467,13.382857322692871,-0.040987566113471985,109504.2109375,0.12019286009743542,9812.0,0.032298800058216136
part4_post_def_rgb,post_defoliation,/content/drive/MyDrive/TACC EXPERIMENTS/part4_post_def_rgb/DJI_20250929121405_0005_D.JPG,3.916543960571289,95.73162078857422,91.16912841796875,81.8486328125,4.7580156326293945,13.161543846130371,-0.04130769148468971,110718.2578125,0.11416653261635568,9467.0,0.030540730229494134
part4_post_def_rgb,post_defoliation,/content/drive/MyDrive/TACC EXPERIMENTS/part4_post_def_rgb/DJI_20250929121407_0006_D.JPG,3.9148166179656982,100.38937377929688,95.85720825195312,86.74048614501953,4.584421157836914,13.32323169708252,-0.0396696999669075,102956.5625,0.12722379890921348,10924.0,0.03733521386769617
part4_post_def_rgb,post_defoliation,/content/drive/MyDrive/TACC EXPERIMENTS/part4_post_def_rgb/DJI_20250929121409_0007_D.JPG,3.909980058670044,96.23922729492188,91.86881256103516,82.90969848632812,4.588744163513184,12.781500816345215,-0.04022335633635521,102551.5078125,0.11831160760792965,9864.0,0.03154783106596807
part4_post_def_rgb,post_defoliation,/content/drive/MyDrive/TACC EXPERIMENTS/part4_post_def_rgb/DJI_20250929121411_0008_D.JPG,3.896818161010742,100.70867919921875,96.02737426757812,86.6624526977539,4.683464527130127,13.116320610046387,-0.04096347466111183,115002.203125,0.1299894962006312,10661.0,0.036425395256916994
part4_post_def_rgb,post_defoliation,/content/drive/MyDrive/TACC EXPERIMENTS/part4_post_def_rgb/DJI_20250929121413_0009_D.JPG,3.9476633071899414,107.6812973022461,102.44258117675781,92.6608657836914,4.543215751647949,13.612829208374023,-0.042944520711898804,135609.078125,0.14898873402886295,12527.0,0.04642468670527316
part4_post_def_rgb,post_defoliation,/content/drive/MyDrive/TACC EXPERIMENTS/part4_post_def_rgb/DJI_20250929121415_0010_D.JPG,3.8937156200408936,102.61188507080078,97.42985534667969,88.01935577392578,4.228617191314697,13.147790908813477,-0.044109467417001724,118250.140625,0.13316897807702913,11235.0,0.03836405000459601
part4_post_def_rgb,post_defoliation,/content/drive/MyDrive/TACC EXPERIMENTS/part4_post_def_rgb/DJI_20250929121417_0011_D.JPG,3.9133481979370117,106.4378433227539,100.94961547851562,91.50716400146484,3.954080820083618,13.419783592224121,-0.04615621268749237,136817.3125,0.14488420925636547,12172.0,0.04460303872904985
part4_post_def_rgb,post_defoliation,/content/drive/MyDrive/TACC EXPERIMENTS/part4_post_def_rgb/DJI_20250929121419_0012_D.JPG,3.8872299194335938,101.82859802246094,97.0224380493164,87.60725402832031,4.609147548675537,12.9360990524292,-0.04210416600108147,109197.5625,0.13288661067193677,10395.0,0.033881599105309926
part4_post_def_rgb,post_defoliation,/content/drive/MyDrive/TACC EXPERIMENTS/part4_post_def_rgb/DJI_20250929121421_0013_D.JPG,3.9165940284729004,106.31819152832031,100.74271392822266,91.49381256103516,3.6731221675872803,12.797138214111328,-0.04585091024637222,109603.5625,0.1445348645708858,12135.0,0.04460126734994025
part4_post_def_rgb,post_defoliation,/content/drive/MyDrive/TACC EXPERIMENTS/part4_post_def_rgb/DJI_20250929121423_0014_D.JPG,3.9115326404571533,102.01417541503906,96.67620086669922,87.63411712646484,3.703937530517578,12.172711372375488,-0.04570670425891876,102249.6953125,0.13305273730735057,10886.0,0.037133324524312894
part4_post_def_rgb,post_defoliation,/content/drive/MyDrive/TACC EXPERIMENTS/part4_post_def_rgb/DJI_20250929121425_0015_D.JPG,3.9306352138519287,106.63739013671875,100.79695129394531,91.1297836303711,3.8270254135131836,12.383407592773438,-0.04676042124629021,114236.4296875,0.14555369480957195,11773.0,0.042870055458528664
part4_post_def_rgb,post_defoliation,/content/drive/MyDrive/TACC EXPERIMENTS/part4_post_def_rgb/DJI_20250929121427_0016_D.JPG,3.898327350616455,99.33134460449219,94.03690338134766,84.96831512451172,3.774252414703369,11.69371509552002,-0.04561779275536537,94988.9375,0.12612286285504182,9947.0,0.03264503286147624
part4_post_def_rgb,post_defoliation,/content/drive/MyDrive/TACC EXPERIMENTS/part4_post_def_rgb/DJI_20250929121429_0017_D.JPG,3.9134809970855713,104.20940399169922,99.15888977050781,89.6980209350586,4.410270690917969,12.446106910705566,-0.04190734773874283,112332.3046875,0.13946110817477098,11054.0,0.03803495649109906
part4_post_def_rgb,post_defoliation,/content/drive/MyDrive/TACC EXPERIMENTS/part4_post_def_rgb/DJI_20250929121431_0018_D.JPG,3.8709089756011963,97.54960632324219,92.7138671875,83.548095703125,4.330011367797852,12.027888298034668,-0.04218105971813202,103713.390625,0.12194686054171645,9646.0,0.03114797813830928
part4_post_def_rgb,post_defoliation,/content/drive/MyDrive/TACC EXPERIMENTS/part4_post_def_rgb/DJI_20250929121433_0019_D.JPG,3.9439029693603516,103.8630599975586,98.56829071044922,88.51359558105469,4.759930610656738,13.139212608337402,-0.04346393421292305,128631.40625,0.13554253033367036,10830.0,0.038302434736648586
part4_post_def_rgb,post_defoliation,/content/drive/MyDrive/TACC EXPERIMENTS/part4_post_def_rgb/DJI_20250929121435_0020_D.JPG,3.8578226566314697,97.06045532226562,92.5348129272461,83.2802734375,4.729016304016113,12.65908145904541,-0.04135243967175484,116039.953125,0.11894346332383492,9365.0,0.029948754481110396
part4_post_def_rgb,post_defoliation,/content/drive/MyDrive/TACC EXPERIMENTS/part4_post_def_rgb/DJI_20250929121437_0021_D.JPG,3.908888578414917,102.21863555908203,97.44953155517578,87.77324676513672,4.906970024108887,13.28542423248291,-0.04047189652919769,112266.3203125,0.13024941017863162,10745.0,0.03728934951129086
part4_post_def_rgb,post_defoliation,/content/drive/MyDrive/TACC EXPERIMENTS/part4_post_def_rgb/DJI_20250929121439_0022_D.JPG,3.9130117893218994,97.2305679321289,93.09081268310547,83.49656677246094,5.454302787780762,12.818049430847168,-0.037449777126312256,102853.6171875,0.11796666743266844,8941.0,0.028254597925667188
part4_post_def_rgb,post_defoliation,/content/drive/MyDrive/TACC EXPERIMENTS/part4_post_def_rgb/DJI_20250929121441_0023_D.JPG,3.964601755142212,101.86520385742188,97.08010864257812,87.2729263305664,5.021900177001953,12.942386627197266,-0.040889352560043335,107156.0546875,0.12830266453718173,10498.0,0.03592778135245274
part4_post_def_rgb,post_defoliation,/content/drive/MyDrive/TACC EXPERIMENTS/part4_post_def_rgb/DJI_20250929121443_0024_D.JPG,3.903918981552124,98.10131072998047,93.6963882446289,84.44152069091797,4.849997520446777,12.218351364135742,-0.03992138057947159,91536.9453125,0.11976251072402488,9515.0,0.030350378787878787
part4_post_def_rgb,post_defoliation,/content/drive/MyDrive/TACC EXPERIMENTS/part4_post_def_rgb/DJI_20250929121445_0025_D.JPG,3.8991918563842773,101.4771728515625,96.83466339111328,87.42604064941406,4.766178607940674,12.636175155639648,-0.0413992777466774,102834.1171875,0.1278657083984435,10331.0,0.03529142537610687
part4_post_def_rgb,post_defoliation,/content/drive/MyDrive/TACC EXPERIMENTS/part4_post_def_rgb/DJI_20250929121447_0026_D.JPG,3.897308349609375,96.7353286743164,92.25299835205078,83.35281372070312,4.41772985458374,12.19105339050293,-0.04157083481550217,80424.6875,0.11593547009529062,9325.0,0.02960036729785213
